CodigoNacional;NombreEstacion;Latitud;Altura;A絪;Mes;Dia;T.Maxima;T.Minima
180005;Chacalluta, Arica Ap.;18&deg 21' 20'' S;50;2020;2;1;20.0;26.6
180005;Chacalluta, Arica Ap.;18&deg 21' 20'' S;50;2020;2;2;21.5;27.5
180005;Chacalluta, Arica Ap.;18&deg 21' 20'' S;50;2020;2;3;20.4;26.0
180005;Chacalluta, Arica Ap.;18&deg 21' 20'' S;50;2020;2;4;21.5;27.1
180005;Chacalluta, Arica Ap.;18&deg 21' 20'' S;50;2020;2;5;19.4;26.0
180005;Chacalluta, Arica Ap.;18&deg 21' 20'' S;50;2020;2;6;19.7;26.6
180005;Chacalluta, Arica Ap.;18&deg 21' 20'' S;50;2020;2;7;19.5;24.9
180005;Chacalluta, Arica Ap.;18&deg 21' 20'' S;50;2020;2;8;19.2;26.0
180005;Chacalluta, Arica Ap.;18&deg 21' 20'' S;50;2020;2;9;19.9;26.0
180005;Chacalluta, Arica Ap.;18&deg 21' 20'' S;50;2020;2;10;20.3;26.2
180005;Chacalluta, Arica Ap.;18&deg 21' 20'' S;50;2020;2;11;20.0;26.4
180005;Chacalluta, Arica Ap.;18&deg 21' 20'' S;50;2020;2;12;20.4;25.9
180005;Chacalluta, Arica Ap.;18&deg 21' 20'' S;50;2020;2;13;20.6;26.2
180005;Chacalluta, Arica Ap.;18&deg 21' 20'' S;50;2020;2;14;21.6;26.8
180005;Chacalluta, Arica Ap.;18&deg 21' 20'' S;50;2020;2;15;21.0;27.1
180005;Chacalluta, Arica Ap.;18&deg 21' 20'' S;50;2020;2;16;21.1;27.3
180005;Chacalluta, Arica Ap.;18&deg 21' 20'' S;50;2020;2;17;21.2;27.3
180005;Chacalluta, Arica Ap.;18&deg 21' 20'' S;50;2020;2;18;21.3;26.7
180005;Chacalluta, Arica Ap.;18&deg 21' 20'' S;50;2020;2;19;22.0;28.1
180005;Chacalluta, Arica Ap.;18&deg 21' 20'' S;50;2020;2;20;22.3;27.8
180005;Chacalluta, Arica Ap.;18&deg 21' 20'' S;50;2020;2;21;22.0;26.7
180005;Chacalluta, Arica Ap.;18&deg 21' 20'' S;50;2020;2;22;21.4;26.5
180005;Chacalluta, Arica Ap.;18&deg 21' 20'' S;50;2020;2;23;23.0;27.8
180005;Chacalluta, Arica Ap.;18&deg 21' 20'' S;50;2020;2;24;22.6;28.3
180005;Chacalluta, Arica Ap.;18&deg 21' 20'' S;50;2020;2;25;22.4;28.5
180005;Chacalluta, Arica Ap.;18&deg 21' 20'' S;50;2020;2;26;21.1;28.2
180005;Chacalluta, Arica Ap.;18&deg 21' 20'' S;50;2020;2;27;21.6;27.3
180005;Chacalluta, Arica Ap.;18&deg 21' 20'' S;50;2020;2;28;20.9;27.4
180005;Chacalluta, Arica Ap.;18&deg 21' 20'' S;50;2020;2;29;22.6;27.4
200006;Diego Aracena Iquique Ap.;20&deg 32' 57'' S;48;2020;2;1;18.8;26.3
200006;Diego Aracena Iquique Ap.;20&deg 32' 57'' S;48;2020;2;2;19.8;26.5
200006;Diego Aracena Iquique Ap.;20&deg 32' 57'' S;48;2020;2;3;18.7;25.8
200006;Diego Aracena Iquique Ap.;20&deg 32' 57'' S;48;2020;2;4;19.9;26.1
200006;Diego Aracena Iquique Ap.;20&deg 32' 57'' S;48;2020;2;5;18.9;26.2
200006;Diego Aracena Iquique Ap.;20&deg 32' 57'' S;48;2020;2;6;19.1;25.4
200006;Diego Aracena Iquique Ap.;20&deg 32' 57'' S;48;2020;2;7;17.7;25.3
200006;Diego Aracena Iquique Ap.;20&deg 32' 57'' S;48;2020;2;8;17.6;25.6
200006;Diego Aracena Iquique Ap.;20&deg 32' 57'' S;48;2020;2;9;19.1;26.0
200006;Diego Aracena Iquique Ap.;20&deg 32' 57'' S;48;2020;2;10;20.1;25.3
200006;Diego Aracena Iquique Ap.;20&deg 32' 57'' S;48;2020;2;11;19.2;25.2
200006;Diego Aracena Iquique Ap.;20&deg 32' 57'' S;48;2020;2;12;20.9;25.4
200006;Diego Aracena Iquique Ap.;20&deg 32' 57'' S;48;2020;2;13;20.4;26.0
200006;Diego Aracena Iquique Ap.;20&deg 32' 57'' S;48;2020;2;14;19.8;27.0
200006;Diego Aracena Iquique Ap.;20&deg 32' 57'' S;48;2020;2;15;20.4;26.8
200006;Diego Aracena Iquique Ap.;20&deg 32' 57'' S;48;2020;2;16;20.4;27.4
200006;Diego Aracena Iquique Ap.;20&deg 32' 57'' S;48;2020;2;17;20.6;26.4
200006;Diego Aracena Iquique Ap.;20&deg 32' 57'' S;48;2020;2;18;19.2;26.7
200006;Diego Aracena Iquique Ap.;20&deg 32' 57'' S;48;2020;2;19;21.0;25.9
200006;Diego Aracena Iquique Ap.;20&deg 32' 57'' S;48;2020;2;20;19.4;26.4
200006;Diego Aracena Iquique Ap.;20&deg 32' 57'' S;48;2020;2;21;20.5;27.3
200006;Diego Aracena Iquique Ap.;20&deg 32' 57'' S;48;2020;2;22;21.5;26.8
200006;Diego Aracena Iquique Ap.;20&deg 32' 57'' S;48;2020;2;23;20.5;27.1
200006;Diego Aracena Iquique Ap.;20&deg 32' 57'' S;48;2020;2;24;20.8;26.8
200006;Diego Aracena Iquique Ap.;20&deg 32' 57'' S;48;2020;2;25;20.3;27.6
200006;Diego Aracena Iquique Ap.;20&deg 32' 57'' S;48;2020;2;26;20.7;27.8
200006;Diego Aracena Iquique Ap.;20&deg 32' 57'' S;48;2020;2;27;20.9;27.2
200006;Diego Aracena Iquique Ap.;20&deg 32' 57'' S;48;2020;2;28;19.9;26.7
200006;Diego Aracena Iquique Ap.;20&deg 32' 57'' S;48;2020;2;29;20.6;27.5
220002;El Loa, Calama Ad.;22&deg 29' 53'' S;2321;2020;2;1;6.9;27.0
220002;El Loa, Calama Ad.;22&deg 29' 53'' S;2321;2020;2;2;7.6;26.7
220002;El Loa, Calama Ad.;22&deg 29' 53'' S;2321;2020;2;3;7.1;27.2
220002;El Loa, Calama Ad.;22&deg 29' 53'' S;2321;2020;2;4;7.6;25.9
220002;El Loa, Calama Ad.;22&deg 29' 53'' S;2321;2020;2;5;9.0;25.8
220002;El Loa, Calama Ad.;22&deg 29' 53'' S;2321;2020;2;6;6.1;25.5
220002;El Loa, Calama Ad.;22&deg 29' 53'' S;2321;2020;2;7;6.5;26.0
220002;El Loa, Calama Ad.;22&deg 29' 53'' S;2321;2020;2;8;7.1;25.8
220002;El Loa, Calama Ad.;22&deg 29' 53'' S;2321;2020;2;9;8.1;26.0
220002;El Loa, Calama Ad.;22&deg 29' 53'' S;2321;2020;2;10;8.8;26.2
220002;El Loa, Calama Ad.;22&deg 29' 53'' S;2321;2020;2;11;8.2;26.1
220002;El Loa, Calama Ad.;22&deg 29' 53'' S;2321;2020;2;12;8.5;26.2
220002;El Loa, Calama Ad.;22&deg 29' 53'' S;2321;2020;2;13;8.7;26.0
220002;El Loa, Calama Ad.;22&deg 29' 53'' S;2321;2020;2;14;12.3;25.5
220002;El Loa, Calama Ad.;22&deg 29' 53'' S;2321;2020;2;15;11.6;26.1
220002;El Loa, Calama Ad.;22&deg 29' 53'' S;2321;2020;2;16;10.4;25.6
220002;El Loa, Calama Ad.;22&deg 29' 53'' S;2321;2020;2;17;10.3;27.7
220002;El Loa, Calama Ad.;22&deg 29' 53'' S;2321;2020;2;18;12.1;27.7
220002;El Loa, Calama Ad.;22&deg 29' 53'' S;2321;2020;2;19;11.9;26.6
220002;El Loa, Calama Ad.;22&deg 29' 53'' S;2321;2020;2;20;10.1;25.3
220002;El Loa, Calama Ad.;22&deg 29' 53'' S;2321;2020;2;21;10.5;24.7
220002;El Loa, Calama Ad.;22&deg 29' 53'' S;2321;2020;2;22;10.6;25.7
220002;El Loa, Calama Ad.;22&deg 29' 53'' S;2321;2020;2;23;8.5;24.2
220002;El Loa, Calama Ad.;22&deg 29' 53'' S;2321;2020;2;24;11.4;24.0
220002;El Loa, Calama Ad.;22&deg 29' 53'' S;2321;2020;2;25;11.9;23.7
220002;El Loa, Calama Ad.;22&deg 29' 53'' S;2321;2020;2;26;9.9;25.0
220002;El Loa, Calama Ad.;22&deg 29' 53'' S;2321;2020;2;27;9.5;25.6
220002;El Loa, Calama Ad.;22&deg 29' 53'' S;2321;2020;2;28;7.9;26.9
220002;El Loa, Calama Ad.;22&deg 29' 53'' S;2321;2020;2;29;8.4;26.8
230001;Cerro Moreno  Antofagasta  Ap.;23&deg 27' 13'' S;112;2020;2;1;17.5;23.3
230001;Cerro Moreno  Antofagasta  Ap.;23&deg 27' 13'' S;112;2020;2;2;17.3;23.5
230001;Cerro Moreno  Antofagasta  Ap.;23&deg 27' 13'' S;112;2020;2;3;17.4;23.6
230001;Cerro Moreno  Antofagasta  Ap.;23&deg 27' 13'' S;112;2020;2;4;17.6;23.6
230001;Cerro Moreno  Antofagasta  Ap.;23&deg 27' 13'' S;112;2020;2;5;17.3;24.5
230001;Cerro Moreno  Antofagasta  Ap.;23&deg 27' 13'' S;112;2020;2;6;17.9;22.5
230001;Cerro Moreno  Antofagasta  Ap.;23&deg 27' 13'' S;112;2020;2;7;17.3;22.6
230001;Cerro Moreno  Antofagasta  Ap.;23&deg 27' 13'' S;112;2020;2;8;17.1;22.8
230001;Cerro Moreno  Antofagasta  Ap.;23&deg 27' 13'' S;112;2020;2;9;17.9;23.1
230001;Cerro Moreno  Antofagasta  Ap.;23&deg 27' 13'' S;112;2020;2;10;18.5;22.7
230001;Cerro Moreno  Antofagasta  Ap.;23&deg 27' 13'' S;112;2020;2;11;17.5;22.7
230001;Cerro Moreno  Antofagasta  Ap.;23&deg 27' 13'' S;112;2020;2;12;17.6;23.2
230001;Cerro Moreno  Antofagasta  Ap.;23&deg 27' 13'' S;112;2020;2;13;18.1;23.6
230001;Cerro Moreno  Antofagasta  Ap.;23&deg 27' 13'' S;112;2020;2;14;18.8;24.1
230001;Cerro Moreno  Antofagasta  Ap.;23&deg 27' 13'' S;112;2020;2;15;19.0;24.0
230001;Cerro Moreno  Antofagasta  Ap.;23&deg 27' 13'' S;112;2020;2;16;19.9;24.6
230001;Cerro Moreno  Antofagasta  Ap.;23&deg 27' 13'' S;112;2020;2;17;19.9;23.2
230001;Cerro Moreno  Antofagasta  Ap.;23&deg 27' 13'' S;112;2020;2;18;19.1;23.1
230001;Cerro Moreno  Antofagasta  Ap.;23&deg 27' 13'' S;112;2020;2;19;19.5;23.1
230001;Cerro Moreno  Antofagasta  Ap.;23&deg 27' 13'' S;112;2020;2;20;19.9;22.7
230001;Cerro Moreno  Antofagasta  Ap.;23&deg 27' 13'' S;112;2020;2;21;17.7;23.6
230001;Cerro Moreno  Antofagasta  Ap.;23&deg 27' 13'' S;112;2020;2;22;18.3;23.4
230001;Cerro Moreno  Antofagasta  Ap.;23&deg 27' 13'' S;112;2020;2;23;19.0;23.8
230001;Cerro Moreno  Antofagasta  Ap.;23&deg 27' 13'' S;112;2020;2;24;18.0;22.6
230001;Cerro Moreno  Antofagasta  Ap.;23&deg 27' 13'' S;112;2020;2;25;17.7;23.6
230001;Cerro Moreno  Antofagasta  Ap.;23&deg 27' 13'' S;112;2020;2;26;17.7;23.2
230001;Cerro Moreno  Antofagasta  Ap.;23&deg 27' 13'' S;112;2020;2;27;17.3;22.5
230001;Cerro Moreno  Antofagasta  Ap.;23&deg 27' 13'' S;112;2020;2;28;17.4;23.0
230001;Cerro Moreno  Antofagasta  Ap.;23&deg 27' 13'' S;112;2020;2;29;17.2;22.8
270001;Mataveri  Isla de Pascua Ap.;27&deg 9' 32'' S;44;2020;2;1;21.8;26.8
270001;Mataveri  Isla de Pascua Ap.;27&deg 9' 32'' S;44;2020;2;2;20.4;26.7
270001;Mataveri  Isla de Pascua Ap.;27&deg 9' 32'' S;44;2020;2;3;20.0;26.6
270001;Mataveri  Isla de Pascua Ap.;27&deg 9' 32'' S;44;2020;2;4;21.5;25.9
270001;Mataveri  Isla de Pascua Ap.;27&deg 9' 32'' S;44;2020;2;5;19.0;25.1
270001;Mataveri  Isla de Pascua Ap.;27&deg 9' 32'' S;44;2020;2;6;18.2;26.6
270001;Mataveri  Isla de Pascua Ap.;27&deg 9' 32'' S;44;2020;2;7;19.4;26.5
270001;Mataveri  Isla de Pascua Ap.;27&deg 9' 32'' S;44;2020;2;8;17.4;26.8
270001;Mataveri  Isla de Pascua Ap.;27&deg 9' 32'' S;44;2020;2;9;18.0;26.9
270001;Mataveri  Isla de Pascua Ap.;27&deg 9' 32'' S;44;2020;2;10;19.1;26.9
270001;Mataveri  Isla de Pascua Ap.;27&deg 9' 32'' S;44;2020;2;11;20.6;27.0
270001;Mataveri  Isla de Pascua Ap.;27&deg 9' 32'' S;44;2020;2;12;20.3;26.8
270001;Mataveri  Isla de Pascua Ap.;27&deg 9' 32'' S;44;2020;2;13;21.8;27.7
270001;Mataveri  Isla de Pascua Ap.;27&deg 9' 32'' S;44;2020;2;14;22.2;26.8
270001;Mataveri  Isla de Pascua Ap.;27&deg 9' 32'' S;44;2020;2;15;20.0;26.2
270001;Mataveri  Isla de Pascua Ap.;27&deg 9' 32'' S;44;2020;2;16;20.1;26.8
270001;Mataveri  Isla de Pascua Ap.;27&deg 9' 32'' S;44;2020;2;17;18.5;27.0
270001;Mataveri  Isla de Pascua Ap.;27&deg 9' 32'' S;44;2020;2;18;20.3;27.2
270001;Mataveri  Isla de Pascua Ap.;27&deg 9' 32'' S;44;2020;2;19;20.2;28.6
270001;Mataveri  Isla de Pascua Ap.;27&deg 9' 32'' S;44;2020;2;20;19.2;26.4
270001;Mataveri  Isla de Pascua Ap.;27&deg 9' 32'' S;44;2020;2;21;19.6;23.9
270001;Mataveri  Isla de Pascua Ap.;27&deg 9' 32'' S;44;2020;2;22;18.8;26.6
270001;Mataveri  Isla de Pascua Ap.;27&deg 9' 32'' S;44;2020;2;23;20.6;27.5
270001;Mataveri  Isla de Pascua Ap.;27&deg 9' 32'' S;44;2020;2;24;19.7;26.7
270001;Mataveri  Isla de Pascua Ap.;27&deg 9' 32'' S;44;2020;2;25;20.4;27.1
270001;Mataveri  Isla de Pascua Ap.;27&deg 9' 32'' S;44;2020;2;26;20.7;26.9
270001;Mataveri  Isla de Pascua Ap.;27&deg 9' 32'' S;44;2020;2;27;21.0;28.2
270001;Mataveri  Isla de Pascua Ap.;27&deg 9' 32'' S;44;2020;2;28;19.7;26.8
270001;Mataveri  Isla de Pascua Ap.;27&deg 9' 32'' S;44;2020;2;29;18.5;26.5
270008;Desierto de Atacama, Caldera  Ad.;27&deg 15' 16'' S;197;2020;2;1;17.9;21.8
270008;Desierto de Atacama, Caldera  Ad.;27&deg 15' 16'' S;197;2020;2;2;17.1;24.8
270008;Desierto de Atacama, Caldera  Ad.;27&deg 15' 16'' S;197;2020;2;3;17.9;24.6
270008;Desierto de Atacama, Caldera  Ad.;27&deg 15' 16'' S;197;2020;2;4;17.8;24.9
270008;Desierto de Atacama, Caldera  Ad.;27&deg 15' 16'' S;197;2020;2;5;17.3;24.1
270008;Desierto de Atacama, Caldera  Ad.;27&deg 15' 16'' S;197;2020;2;6;15.4;23.7
270008;Desierto de Atacama, Caldera  Ad.;27&deg 15' 16'' S;197;2020;2;7;13.5;22.6
270008;Desierto de Atacama, Caldera  Ad.;27&deg 15' 16'' S;197;2020;2;8;15.6;23.0
270008;Desierto de Atacama, Caldera  Ad.;27&deg 15' 16'' S;197;2020;2;9;16.9;23.3
270008;Desierto de Atacama, Caldera  Ad.;27&deg 15' 16'' S;197;2020;2;10;16.5;23.2
270008;Desierto de Atacama, Caldera  Ad.;27&deg 15' 16'' S;197;2020;2;11;16.9;23.5
270008;Desierto de Atacama, Caldera  Ad.;27&deg 15' 16'' S;197;2020;2;12;17.6;23.8
270008;Desierto de Atacama, Caldera  Ad.;27&deg 15' 16'' S;197;2020;2;13;17.6;24.6
270008;Desierto de Atacama, Caldera  Ad.;27&deg 15' 16'' S;197;2020;2;14;16.2;25.3
270008;Desierto de Atacama, Caldera  Ad.;27&deg 15' 16'' S;197;2020;2;15;15.1;24.8
270008;Desierto de Atacama, Caldera  Ad.;27&deg 15' 16'' S;197;2020;2;16;16.9;25.5
270008;Desierto de Atacama, Caldera  Ad.;27&deg 15' 16'' S;197;2020;2;17;16.8;25.1
270008;Desierto de Atacama, Caldera  Ad.;27&deg 15' 16'' S;197;2020;2;18;15.7;22.4
270008;Desierto de Atacama, Caldera  Ad.;27&deg 15' 16'' S;197;2020;2;19;15.9;22.9
270008;Desierto de Atacama, Caldera  Ad.;27&deg 15' 16'' S;197;2020;2;20;15.6;22.9
270008;Desierto de Atacama, Caldera  Ad.;27&deg 15' 16'' S;197;2020;2;21;13.7;23.9
270008;Desierto de Atacama, Caldera  Ad.;27&deg 15' 16'' S;197;2020;2;22;17.4;24.3
270008;Desierto de Atacama, Caldera  Ad.;27&deg 15' 16'' S;197;2020;2;23;16.7;23.9
270008;Desierto de Atacama, Caldera  Ad.;27&deg 15' 16'' S;197;2020;2;24;17.0;23.2
270008;Desierto de Atacama, Caldera  Ad.;27&deg 15' 16'' S;197;2020;2;25;16.2;24.0
270008;Desierto de Atacama, Caldera  Ad.;27&deg 15' 16'' S;197;2020;2;26;14.6;24.2
270008;Desierto de Atacama, Caldera  Ad.;27&deg 15' 16'' S;197;2020;2;27;15.7;23.8
270008;Desierto de Atacama, Caldera  Ad.;27&deg 15' 16'' S;197;2020;2;28;15.8;24.0
270008;Desierto de Atacama, Caldera  Ad.;27&deg 15' 16'' S;197;2020;2;29;16.2;22.7
290004;La Florida, La Serena Ad.;29&deg 54' 52'' S;137;2020;2;1;16.3;21.6
290004;La Florida, La Serena Ad.;29&deg 54' 52'' S;137;2020;2;2;17.5;21.3
290004;La Florida, La Serena Ad.;29&deg 54' 52'' S;137;2020;2;3;17.2;21.5
290004;La Florida, La Serena Ad.;29&deg 54' 52'' S;137;2020;2;4;13.9;22.6
290004;La Florida, La Serena Ad.;29&deg 54' 52'' S;137;2020;2;5;14.4;21.8
290004;La Florida, La Serena Ad.;29&deg 54' 52'' S;137;2020;2;6;13.1;21.0
290004;La Florida, La Serena Ad.;29&deg 54' 52'' S;137;2020;2;7;13.3;22.3
290004;La Florida, La Serena Ad.;29&deg 54' 52'' S;137;2020;2;8;14.0;20.4
290004;La Florida, La Serena Ad.;29&deg 54' 52'' S;137;2020;2;9;15.1;21.0
290004;La Florida, La Serena Ad.;29&deg 54' 52'' S;137;2020;2;10;13.6;21.1
290004;La Florida, La Serena Ad.;29&deg 54' 52'' S;137;2020;2;11;14.8;21.8
290004;La Florida, La Serena Ad.;29&deg 54' 52'' S;137;2020;2;12;16.6;21.5
290004;La Florida, La Serena Ad.;29&deg 54' 52'' S;137;2020;2;13;14.4;21.6
290004;La Florida, La Serena Ad.;29&deg 54' 52'' S;137;2020;2;14;13.4;20.3
290004;La Florida, La Serena Ad.;29&deg 54' 52'' S;137;2020;2;15;13.8;21.4
290004;La Florida, La Serena Ad.;29&deg 54' 52'' S;137;2020;2;16;14.9;20.9
290004;La Florida, La Serena Ad.;29&deg 54' 52'' S;137;2020;2;17;14.7;21.7
290004;La Florida, La Serena Ad.;29&deg 54' 52'' S;137;2020;2;18;13.6;22.0
290004;La Florida, La Serena Ad.;29&deg 54' 52'' S;137;2020;2;19;14.3;19.4
290004;La Florida, La Serena Ad.;29&deg 54' 52'' S;137;2020;2;20;14.3;19.1
290004;La Florida, La Serena Ad.;29&deg 54' 52'' S;137;2020;2;21;14.9;21.1
290004;La Florida, La Serena Ad.;29&deg 54' 52'' S;137;2020;2;22;14.9;20.6
290004;La Florida, La Serena Ad.;29&deg 54' 52'' S;137;2020;2;23;13.4;20.9
290004;La Florida, La Serena Ad.;29&deg 54' 52'' S;137;2020;2;24;14.9;20.6
290004;La Florida, La Serena Ad.;29&deg 54' 52'' S;137;2020;2;25;14.3;19.8
290004;La Florida, La Serena Ad.;29&deg 54' 52'' S;137;2020;2;26;12.7;21.4
290004;La Florida, La Serena Ad.;29&deg 54' 52'' S;137;2020;2;27;15.6;21.1
290004;La Florida, La Serena Ad.;29&deg 54' 52'' S;137;2020;2;28;15.2;20.4
290004;La Florida, La Serena Ad.;29&deg 54' 52'' S;137;2020;2;29;14.5;20.3
330007;Rodelillo, Ad.;33&deg 3' 55'' S;330;2020;2;1;12.5;23.5
330007;Rodelillo, Ad.;33&deg 3' 55'' S;330;2020;2;2;13.4;25.2
330007;Rodelillo, Ad.;33&deg 3' 55'' S;330;2020;2;3;14.5;28.2
330007;Rodelillo, Ad.;33&deg 3' 55'' S;330;2020;2;4;14.0;27.3
330007;Rodelillo, Ad.;33&deg 3' 55'' S;330;2020;2;5;10.1;23.0
330007;Rodelillo, Ad.;33&deg 3' 55'' S;330;2020;2;6;9.0;24.8
330007;Rodelillo, Ad.;33&deg 3' 55'' S;330;2020;2;7;10.2;27.7
330007;Rodelillo, Ad.;33&deg 3' 55'' S;330;2020;2;8;12.3;20.5
330007;Rodelillo, Ad.;33&deg 3' 55'' S;330;2020;2;9;12.8;19.0
330007;Rodelillo, Ad.;33&deg 3' 55'' S;330;2020;2;10;12.0;19.2
330007;Rodelillo, Ad.;33&deg 3' 55'' S;330;2020;2;11;12.5;18.9
330007;Rodelillo, Ad.;33&deg 3' 55'' S;330;2020;2;12;11.4;25.8
330007;Rodelillo, Ad.;33&deg 3' 55'' S;330;2020;2;13;10.6;26.5
330007;Rodelillo, Ad.;33&deg 3' 55'' S;330;2020;2;14;13.5;29.8
330007;Rodelillo, Ad.;33&deg 3' 55'' S;330;2020;2;15;11.1;25.0
330007;Rodelillo, Ad.;33&deg 3' 55'' S;330;2020;2;16;11.1;21.0
330007;Rodelillo, Ad.;33&deg 3' 55'' S;330;2020;2;17;11.8;27.2
330007;Rodelillo, Ad.;33&deg 3' 55'' S;330;2020;2;18;14.4;29.0
330007;Rodelillo, Ad.;33&deg 3' 55'' S;330;2020;2;19;10.9;20.2
330007;Rodelillo, Ad.;33&deg 3' 55'' S;330;2020;2;20;11.1;16.8
330007;Rodelillo, Ad.;33&deg 3' 55'' S;330;2020;2;21;12.6;18.7
330007;Rodelillo, Ad.;33&deg 3' 55'' S;330;2020;2;22;11.3;21.3
330007;Rodelillo, Ad.;33&deg 3' 55'' S;330;2020;2;23;10.3;19.8
330007;Rodelillo, Ad.;33&deg 3' 55'' S;330;2020;2;24;11.4;19.9
330007;Rodelillo, Ad.;33&deg 3' 55'' S;330;2020;2;25;10.7;28.7
330007;Rodelillo, Ad.;33&deg 3' 55'' S;330;2020;2;26;13.2;21.7
330007;Rodelillo, Ad.;33&deg 3' 55'' S;330;2020;2;27;12.2;18.9
330007;Rodelillo, Ad.;33&deg 3' 55'' S;330;2020;2;28;11.4;18.1
330007;Rodelillo, Ad.;33&deg 3' 55'' S;330;2020;2;29;11.1;15.5
330019;Eulogio S치nchez, Tobalaba Ad.;33&deg 27' 19'' S;650;2020;2;1;;31.8
330019;Eulogio S치nchez, Tobalaba Ad.;33&deg 27' 19'' S;650;2020;2;2;;32.0
330019;Eulogio S치nchez, Tobalaba Ad.;33&deg 27' 19'' S;650;2020;2;3;;30.7
330019;Eulogio S치nchez, Tobalaba Ad.;33&deg 27' 19'' S;650;2020;2;4;;29.1
330019;Eulogio S치nchez, Tobalaba Ad.;33&deg 27' 19'' S;650;2020;2;5;;27.3
330019;Eulogio S치nchez, Tobalaba Ad.;33&deg 27' 19'' S;650;2020;2;6;;28.9
330019;Eulogio S치nchez, Tobalaba Ad.;33&deg 27' 19'' S;650;2020;2;7;;32.0
330019;Eulogio S치nchez, Tobalaba Ad.;33&deg 27' 19'' S;650;2020;2;8;;33.2
330019;Eulogio S치nchez, Tobalaba Ad.;33&deg 27' 19'' S;650;2020;2;9;;32.8
330019;Eulogio S치nchez, Tobalaba Ad.;33&deg 27' 19'' S;650;2020;2;10;;31.1
330019;Eulogio S치nchez, Tobalaba Ad.;33&deg 27' 19'' S;650;2020;2;11;;30.8
330019;Eulogio S치nchez, Tobalaba Ad.;33&deg 27' 19'' S;650;2020;2;12;;28.7
330019;Eulogio S치nchez, Tobalaba Ad.;33&deg 27' 19'' S;650;2020;2;13;;29.8
330019;Eulogio S치nchez, Tobalaba Ad.;33&deg 27' 19'' S;650;2020;2;14;;32.6
330019;Eulogio S치nchez, Tobalaba Ad.;33&deg 27' 19'' S;650;2020;2;15;;32.6
330019;Eulogio S치nchez, Tobalaba Ad.;33&deg 27' 19'' S;650;2020;2;16;;31.4
330019;Eulogio S치nchez, Tobalaba Ad.;33&deg 27' 19'' S;650;2020;2;17;;28.9
330019;Eulogio S치nchez, Tobalaba Ad.;33&deg 27' 19'' S;650;2020;2;18;;35.0
330019;Eulogio S치nchez, Tobalaba Ad.;33&deg 27' 19'' S;650;2020;2;19;;34.4
330019;Eulogio S치nchez, Tobalaba Ad.;33&deg 27' 19'' S;650;2020;2;20;;33.3
330019;Eulogio S치nchez, Tobalaba Ad.;33&deg 27' 19'' S;650;2020;2;21;;28.8
330019;Eulogio S치nchez, Tobalaba Ad.;33&deg 27' 19'' S;650;2020;2;22;;29.0
330019;Eulogio S치nchez, Tobalaba Ad.;33&deg 27' 19'' S;650;2020;2;23;13.2;28.4
330019;Eulogio S치nchez, Tobalaba Ad.;33&deg 27' 19'' S;650;2020;2;24;;25.8
330019;Eulogio S치nchez, Tobalaba Ad.;33&deg 27' 19'' S;650;2020;2;25;;31.3
330019;Eulogio S치nchez, Tobalaba Ad.;33&deg 27' 19'' S;650;2020;2;26;;34.4
330019;Eulogio S치nchez, Tobalaba Ad.;33&deg 27' 19'' S;650;2020;2;27;;32.4
330019;Eulogio S치nchez, Tobalaba Ad.;33&deg 27' 19'' S;650;2020;2;28;;33.2
330019;Eulogio S치nchez, Tobalaba Ad.;33&deg 27' 19'' S;650;2020;2;29;;32.8
330020;Quinta Normal, Santiago;33&deg 26' 42'' S;534;2020;2;1;13.7;32.2
330020;Quinta Normal, Santiago;33&deg 26' 42'' S;534;2020;2;2;15.1;32.5
330020;Quinta Normal, Santiago;33&deg 26' 42'' S;534;2020;2;3;13.1;31.8
330020;Quinta Normal, Santiago;33&deg 26' 42'' S;534;2020;2;4;13.1;29.5
330020;Quinta Normal, Santiago;33&deg 26' 42'' S;534;2020;2;5;12.5;27.8
330020;Quinta Normal, Santiago;33&deg 26' 42'' S;534;2020;2;6;9.5;29.4
330020;Quinta Normal, Santiago;33&deg 26' 42'' S;534;2020;2;7;10.6;33.3
330020;Quinta Normal, Santiago;33&deg 26' 42'' S;534;2020;2;8;12.2;34.3
330020;Quinta Normal, Santiago;33&deg 26' 42'' S;534;2020;2;9;12.1;32.4
330020;Quinta Normal, Santiago;33&deg 26' 42'' S;534;2020;2;10;13.8;31.3
330020;Quinta Normal, Santiago;33&deg 26' 42'' S;534;2020;2;11;13.7;31.2
330020;Quinta Normal, Santiago;33&deg 26' 42'' S;534;2020;2;12;14.8;30.1
330020;Quinta Normal, Santiago;33&deg 26' 42'' S;534;2020;2;13;14.0;30.3
330020;Quinta Normal, Santiago;33&deg 26' 42'' S;534;2020;2;14;12.1;33.3
330020;Quinta Normal, Santiago;33&deg 26' 42'' S;534;2020;2;15;11.9;33.1
330020;Quinta Normal, Santiago;33&deg 26' 42'' S;534;2020;2;16;12.3;31.5
330020;Quinta Normal, Santiago;33&deg 26' 42'' S;534;2020;2;17;11.4;29.2
330020;Quinta Normal, Santiago;33&deg 26' 42'' S;534;2020;2;18;12.6;35.0
330020;Quinta Normal, Santiago;33&deg 26' 42'' S;534;2020;2;19;12.4;34.5
330020;Quinta Normal, Santiago;33&deg 26' 42'' S;534;2020;2;20;13.5;33.2
330020;Quinta Normal, Santiago;33&deg 26' 42'' S;534;2020;2;21;12.8;27.6
330020;Quinta Normal, Santiago;33&deg 26' 42'' S;534;2020;2;22;12.1;27.7
330020;Quinta Normal, Santiago;33&deg 26' 42'' S;534;2020;2;23;11.3;27.5
330020;Quinta Normal, Santiago;33&deg 26' 42'' S;534;2020;2;24;10.7;25.8
330020;Quinta Normal, Santiago;33&deg 26' 42'' S;534;2020;2;25;11.1;31.0
330020;Quinta Normal, Santiago;33&deg 26' 42'' S;534;2020;2;26;12.3;34.7
330020;Quinta Normal, Santiago;33&deg 26' 42'' S;534;2020;2;27;12.3;31.9
330020;Quinta Normal, Santiago;33&deg 26' 42'' S;534;2020;2;28;13.1;33.1
330020;Quinta Normal, Santiago;33&deg 26' 42'' S;534;2020;2;29;14.4;32.1
330021;Pudahuel Santiago ;33&deg 22' 42'' S;482;2020;2;1;15.3;33.0
330021;Pudahuel Santiago ;33&deg 22' 42'' S;482;2020;2;2;15.4;32.9
330021;Pudahuel Santiago ;33&deg 22' 42'' S;482;2020;2;3;14.2;32.0
330021;Pudahuel Santiago ;33&deg 22' 42'' S;482;2020;2;4;13.4;29.5
330021;Pudahuel Santiago ;33&deg 22' 42'' S;482;2020;2;5;13.6;28.2
330021;Pudahuel Santiago ;33&deg 22' 42'' S;482;2020;2;6;11.1;29.3
330021;Pudahuel Santiago ;33&deg 22' 42'' S;482;2020;2;7;12.7;33.3
330021;Pudahuel Santiago ;33&deg 22' 42'' S;482;2020;2;8;13.5;34.1
330021;Pudahuel Santiago ;33&deg 22' 42'' S;482;2020;2;9;12.4;33.4
330021;Pudahuel Santiago ;33&deg 22' 42'' S;482;2020;2;10;14.6;32.3
330021;Pudahuel Santiago ;33&deg 22' 42'' S;482;2020;2;11;14.4;31.8
330021;Pudahuel Santiago ;33&deg 22' 42'' S;482;2020;2;12;15.2;30.1
330021;Pudahuel Santiago ;33&deg 22' 42'' S;482;2020;2;13;15.4;30.1
330021;Pudahuel Santiago ;33&deg 22' 42'' S;482;2020;2;14;13.1;33.0
330021;Pudahuel Santiago ;33&deg 22' 42'' S;482;2020;2;15;13.7;33.3
330021;Pudahuel Santiago ;33&deg 22' 42'' S;482;2020;2;16;13.9;31.6
330021;Pudahuel Santiago ;33&deg 22' 42'' S;482;2020;2;17;11.2;29.1
330021;Pudahuel Santiago ;33&deg 22' 42'' S;482;2020;2;18;13.7;35.3
330021;Pudahuel Santiago ;33&deg 22' 42'' S;482;2020;2;19;14.0;34.5
330021;Pudahuel Santiago ;33&deg 22' 42'' S;482;2020;2;20;14.6;33.5
330021;Pudahuel Santiago ;33&deg 22' 42'' S;482;2020;2;21;13.0;28.2
330021;Pudahuel Santiago ;33&deg 22' 42'' S;482;2020;2;22;12.7;28.2
330021;Pudahuel Santiago ;33&deg 22' 42'' S;482;2020;2;23;12.5;28.3
330021;Pudahuel Santiago ;33&deg 22' 42'' S;482;2020;2;24;10.9;25.9
330021;Pudahuel Santiago ;33&deg 22' 42'' S;482;2020;2;25;10.9;31.0
330021;Pudahuel Santiago ;33&deg 22' 42'' S;482;2020;2;26;12.8;34.5
330021;Pudahuel Santiago ;33&deg 22' 42'' S;482;2020;2;27;15.5;32.0
330021;Pudahuel Santiago ;33&deg 22' 42'' S;482;2020;2;28;13.5;33.3
330021;Pudahuel Santiago ;33&deg 22' 42'' S;482;2020;2;29;15.1;33.2
330030;Santo Domingo, Ad.;33&deg 39' 22'' S;77;2020;2;1;15.2;20.8
330030;Santo Domingo, Ad.;33&deg 39' 22'' S;77;2020;2;2;11.3;19.7
330030;Santo Domingo, Ad.;33&deg 39' 22'' S;77;2020;2;3;8.0;21.5
330030;Santo Domingo, Ad.;33&deg 39' 22'' S;77;2020;2;4;10.3;22.4
330030;Santo Domingo, Ad.;33&deg 39' 22'' S;77;2020;2;5;8.8;18.9
330030;Santo Domingo, Ad.;33&deg 39' 22'' S;77;2020;2;6;7.0;18.6
330030;Santo Domingo, Ad.;33&deg 39' 22'' S;77;2020;2;7;6.6;19.4
330030;Santo Domingo, Ad.;33&deg 39' 22'' S;77;2020;2;8;8.1;19.5
330030;Santo Domingo, Ad.;33&deg 39' 22'' S;77;2020;2;9;14.1;19.6
330030;Santo Domingo, Ad.;33&deg 39' 22'' S;77;2020;2;10;14.4;19.2
330030;Santo Domingo, Ad.;33&deg 39' 22'' S;77;2020;2;11;13.2;18.4
330030;Santo Domingo, Ad.;33&deg 39' 22'' S;77;2020;2;12;12.2;21.6
330030;Santo Domingo, Ad.;33&deg 39' 22'' S;77;2020;2;13;10.7;21.2
330030;Santo Domingo, Ad.;33&deg 39' 22'' S;77;2020;2;14;7.0;20.4
330030;Santo Domingo, Ad.;33&deg 39' 22'' S;77;2020;2;15;7.2;18.0
330030;Santo Domingo, Ad.;33&deg 39' 22'' S;77;2020;2;16;10.2;17.7
330030;Santo Domingo, Ad.;33&deg 39' 22'' S;77;2020;2;17;13.9;23.0
330030;Santo Domingo, Ad.;33&deg 39' 22'' S;77;2020;2;18;9.7;21.0
330030;Santo Domingo, Ad.;33&deg 39' 22'' S;77;2020;2;19;8.0;18.7
330030;Santo Domingo, Ad.;33&deg 39' 22'' S;77;2020;2;20;8.0;19.3
330030;Santo Domingo, Ad.;33&deg 39' 22'' S;77;2020;2;21;13.1;20.4
330030;Santo Domingo, Ad.;33&deg 39' 22'' S;77;2020;2;22;12.3;20.4
330030;Santo Domingo, Ad.;33&deg 39' 22'' S;77;2020;2;23;9.1;19.2
330030;Santo Domingo, Ad.;33&deg 39' 22'' S;77;2020;2;24;14.6;19.0
330030;Santo Domingo, Ad.;33&deg 39' 22'' S;77;2020;2;25;8.5;20.9
330030;Santo Domingo, Ad.;33&deg 39' 22'' S;77;2020;2;26;8.4;20.4
330030;Santo Domingo, Ad.;33&deg 39' 22'' S;77;2020;2;27;10.9;19.0
330030;Santo Domingo, Ad.;33&deg 39' 22'' S;77;2020;2;28;13.5;17.2
330030;Santo Domingo, Ad.;33&deg 39' 22'' S;77;2020;2;29;14.1;17.3
330031;Juan Fern치ndez, Estaci칩n Meteorol칩gica.;33&deg 38' 9'' S;40;2020;2;1;17.7;24.8
330031;Juan Fern치ndez, Estaci칩n Meteorol칩gica.;33&deg 38' 9'' S;40;2020;2;2;14.8;22.3
330031;Juan Fern치ndez, Estaci칩n Meteorol칩gica.;33&deg 38' 9'' S;40;2020;2;3;14.8;22.2
330031;Juan Fern치ndez, Estaci칩n Meteorol칩gica.;33&deg 38' 9'' S;40;2020;2;4;15.1;20.3
330031;Juan Fern치ndez, Estaci칩n Meteorol칩gica.;33&deg 38' 9'' S;40;2020;2;5;13.5;19.6
330031;Juan Fern치ndez, Estaci칩n Meteorol칩gica.;33&deg 38' 9'' S;40;2020;2;6;14.2;20.6
330031;Juan Fern치ndez, Estaci칩n Meteorol칩gica.;33&deg 38' 9'' S;40;2020;2;7;14.9;20.8
330031;Juan Fern치ndez, Estaci칩n Meteorol칩gica.;33&deg 38' 9'' S;40;2020;2;8;15.9;20.9
330031;Juan Fern치ndez, Estaci칩n Meteorol칩gica.;33&deg 38' 9'' S;40;2020;2;9;17.6;23.8
330031;Juan Fern치ndez, Estaci칩n Meteorol칩gica.;33&deg 38' 9'' S;40;2020;2;10;16.2;23.5
330031;Juan Fern치ndez, Estaci칩n Meteorol칩gica.;33&deg 38' 9'' S;40;2020;2;11;18.7;23.5
330031;Juan Fern치ndez, Estaci칩n Meteorol칩gica.;33&deg 38' 9'' S;40;2020;2;12;17.7;21.0
330031;Juan Fern치ndez, Estaci칩n Meteorol칩gica.;33&deg 38' 9'' S;40;2020;2;13;16.7;20.4
330031;Juan Fern치ndez, Estaci칩n Meteorol칩gica.;33&deg 38' 9'' S;40;2020;2;14;16.9;21.7
330031;Juan Fern치ndez, Estaci칩n Meteorol칩gica.;33&deg 38' 9'' S;40;2020;2;15;17.8;21.3
330031;Juan Fern치ndez, Estaci칩n Meteorol칩gica.;33&deg 38' 9'' S;40;2020;2;16;17.6;21.1
330031;Juan Fern치ndez, Estaci칩n Meteorol칩gica.;33&deg 38' 9'' S;40;2020;2;17;15.1;21.0
330031;Juan Fern치ndez, Estaci칩n Meteorol칩gica.;33&deg 38' 9'' S;40;2020;2;18;16.4;19.9
330031;Juan Fern치ndez, Estaci칩n Meteorol칩gica.;33&deg 38' 9'' S;40;2020;2;19;16.7;20.4
330031;Juan Fern치ndez, Estaci칩n Meteorol칩gica.;33&deg 38' 9'' S;40;2020;2;20;16.2;20.6
330031;Juan Fern치ndez, Estaci칩n Meteorol칩gica.;33&deg 38' 9'' S;40;2020;2;21;16.7;22.2
330031;Juan Fern치ndez, Estaci칩n Meteorol칩gica.;33&deg 38' 9'' S;40;2020;2;22;17.1;22.7
330031;Juan Fern치ndez, Estaci칩n Meteorol칩gica.;33&deg 38' 9'' S;40;2020;2;23;17.2;20.7
330031;Juan Fern치ndez, Estaci칩n Meteorol칩gica.;33&deg 38' 9'' S;40;2020;2;24;16.3;20.4
330031;Juan Fern치ndez, Estaci칩n Meteorol칩gica.;33&deg 38' 9'' S;40;2020;2;25;15.6;18.7
330031;Juan Fern치ndez, Estaci칩n Meteorol칩gica.;33&deg 38' 9'' S;40;2020;2;26;16.0;20.0
330031;Juan Fern치ndez, Estaci칩n Meteorol칩gica.;33&deg 38' 9'' S;40;2020;2;27;16.4;20.1
330031;Juan Fern치ndez, Estaci칩n Meteorol칩gica.;33&deg 38' 9'' S;40;2020;2;28;17.2;19.9
330031;Juan Fern치ndez, Estaci칩n Meteorol칩gica.;33&deg 38' 9'' S;40;2020;2;29;16.5;20.8
340031;General Freire, Curic칩 Ad.;34&deg 58' 10'' S;229;2020;2;1;14.6;34.0
340031;General Freire, Curic칩 Ad.;34&deg 58' 10'' S;229;2020;2;2;16.2;33.9
340031;General Freire, Curic칩 Ad.;34&deg 58' 10'' S;229;2020;2;3;12.7;31.2
340031;General Freire, Curic칩 Ad.;34&deg 58' 10'' S;229;2020;2;4;11.5;27.0
340031;General Freire, Curic칩 Ad.;34&deg 58' 10'' S;229;2020;2;5;11.5;28.0
340031;General Freire, Curic칩 Ad.;34&deg 58' 10'' S;229;2020;2;6;10.4;29.4
340031;General Freire, Curic칩 Ad.;34&deg 58' 10'' S;229;2020;2;7;12.0;31.0
340031;General Freire, Curic칩 Ad.;34&deg 58' 10'' S;229;2020;2;8;12.0;35.4
340031;General Freire, Curic칩 Ad.;34&deg 58' 10'' S;229;2020;2;9;13.8;35.3
340031;General Freire, Curic칩 Ad.;34&deg 58' 10'' S;229;2020;2;10;14.1;33.7
340031;General Freire, Curic칩 Ad.;34&deg 58' 10'' S;229;2020;2;11;14.1;32.3
340031;General Freire, Curic칩 Ad.;34&deg 58' 10'' S;229;2020;2;12;14.2;30.7
340031;General Freire, Curic칩 Ad.;34&deg 58' 10'' S;229;2020;2;13;12.7;26.8
340031;General Freire, Curic칩 Ad.;34&deg 58' 10'' S;229;2020;2;14;10.3;29.9
340031;General Freire, Curic칩 Ad.;34&deg 58' 10'' S;229;2020;2;15;13.3;33.2
340031;General Freire, Curic칩 Ad.;34&deg 58' 10'' S;229;2020;2;16;12.2;32.9
340031;General Freire, Curic칩 Ad.;34&deg 58' 10'' S;229;2020;2;17;12.5;27.3
340031;General Freire, Curic칩 Ad.;34&deg 58' 10'' S;229;2020;2;18;11.5;31.3
340031;General Freire, Curic칩 Ad.;34&deg 58' 10'' S;229;2020;2;19;12.6;30.9
340031;General Freire, Curic칩 Ad.;34&deg 58' 10'' S;229;2020;2;20;12.8;27.5
340031;General Freire, Curic칩 Ad.;34&deg 58' 10'' S;229;2020;2;21;12.7;27.5
340031;General Freire, Curic칩 Ad.;34&deg 58' 10'' S;229;2020;2;22;11.9;27.8
340031;General Freire, Curic칩 Ad.;34&deg 58' 10'' S;229;2020;2;23;10.8;29.8
340031;General Freire, Curic칩 Ad.;34&deg 58' 10'' S;229;2020;2;24;12.6;21.1
340031;General Freire, Curic칩 Ad.;34&deg 58' 10'' S;229;2020;2;25;10.3;29.3
340031;General Freire, Curic칩 Ad.;34&deg 58' 10'' S;229;2020;2;26;12.3;33.6
340031;General Freire, Curic칩 Ad.;34&deg 58' 10'' S;229;2020;2;27;13.7;32.8
340031;General Freire, Curic칩 Ad.;34&deg 58' 10'' S;229;2020;2;28;13.0;32.5
340031;General Freire, Curic칩 Ad.;34&deg 58' 10'' S;229;2020;2;29;13.0;33.8
360011;General Bernardo O'Higgins, Chill치n Ad.;36&deg 35' 9'' S;155;2020;2;1;13.4;32.3
360011;General Bernardo O'Higgins, Chill치n Ad.;36&deg 35' 9'' S;155;2020;2;2;11.0;32.3
360011;General Bernardo O'Higgins, Chill치n Ad.;36&deg 35' 9'' S;155;2020;2;3;7.2;29.1
360011;General Bernardo O'Higgins, Chill치n Ad.;36&deg 35' 9'' S;155;2020;2;4;12.8;25.5
360011;General Bernardo O'Higgins, Chill치n Ad.;36&deg 35' 9'' S;155;2020;2;5;10.1;25.8
360011;General Bernardo O'Higgins, Chill치n Ad.;36&deg 35' 9'' S;155;2020;2;6;8.5;27.5
360011;General Bernardo O'Higgins, Chill치n Ad.;36&deg 35' 9'' S;155;2020;2;7;9.3;31.8
360011;General Bernardo O'Higgins, Chill치n Ad.;36&deg 35' 9'' S;155;2020;2;8;12.1;36.1
360011;General Bernardo O'Higgins, Chill치n Ad.;36&deg 35' 9'' S;155;2020;2;9;11.1;37.2
360011;General Bernardo O'Higgins, Chill치n Ad.;36&deg 35' 9'' S;155;2020;2;10;15.9;35.9
360011;General Bernardo O'Higgins, Chill치n Ad.;36&deg 35' 9'' S;155;2020;2;11;15.0;34.7
360011;General Bernardo O'Higgins, Chill치n Ad.;36&deg 35' 9'' S;155;2020;2;12;13.6;25.5
360011;General Bernardo O'Higgins, Chill치n Ad.;36&deg 35' 9'' S;155;2020;2;13;10.5;25.8
360011;General Bernardo O'Higgins, Chill치n Ad.;36&deg 35' 9'' S;155;2020;2;14;8.5;29.3
360011;General Bernardo O'Higgins, Chill치n Ad.;36&deg 35' 9'' S;155;2020;2;15;11.9;32.1
360011;General Bernardo O'Higgins, Chill치n Ad.;36&deg 35' 9'' S;155;2020;2;16;10.8;31.2
360011;General Bernardo O'Higgins, Chill치n Ad.;36&deg 35' 9'' S;155;2020;2;17;10.6;24.5
360011;General Bernardo O'Higgins, Chill치n Ad.;36&deg 35' 9'' S;155;2020;2;18;9.6;30.2
360011;General Bernardo O'Higgins, Chill치n Ad.;36&deg 35' 9'' S;155;2020;2;19;12.7;29.8
360011;General Bernardo O'Higgins, Chill치n Ad.;36&deg 35' 9'' S;155;2020;2;20;11.1;35.5
360011;General Bernardo O'Higgins, Chill치n Ad.;36&deg 35' 9'' S;155;2020;2;21;8.9;32.0
360011;General Bernardo O'Higgins, Chill치n Ad.;36&deg 35' 9'' S;155;2020;2;22;9.7;29.6
360011;General Bernardo O'Higgins, Chill치n Ad.;36&deg 35' 9'' S;155;2020;2;23;8.6;28.9
360011;General Bernardo O'Higgins, Chill치n Ad.;36&deg 35' 9'' S;155;2020;2;24;6.9;23.5
360011;General Bernardo O'Higgins, Chill치n Ad.;36&deg 35' 9'' S;155;2020;2;25;8.8;29.6
360011;General Bernardo O'Higgins, Chill치n Ad.;36&deg 35' 9'' S;155;2020;2;26;10.4;31.7
360011;General Bernardo O'Higgins, Chill치n Ad.;36&deg 35' 9'' S;155;2020;2;27;11.1;31.9
360011;General Bernardo O'Higgins, Chill치n Ad.;36&deg 35' 9'' S;155;2020;2;28;13.5;34.2
360011;General Bernardo O'Higgins, Chill치n Ad.;36&deg 35' 9'' S;155;2020;2;29;13.1;34.8
360019;Carriel Sur, Concepci칩n Ap.;36&deg 46' 50'' S;13;2020;2;1;14.8;23.4
360019;Carriel Sur, Concepci칩n Ap.;36&deg 46' 50'' S;13;2020;2;2;11.3;22.6
360019;Carriel Sur, Concepci칩n Ap.;36&deg 46' 50'' S;13;2020;2;3;11.3;22.5
360019;Carriel Sur, Concepci칩n Ap.;36&deg 46' 50'' S;13;2020;2;4;13.0;20.8
360019;Carriel Sur, Concepci칩n Ap.;36&deg 46' 50'' S;13;2020;2;5;9.0;21.1
360019;Carriel Sur, Concepci칩n Ap.;36&deg 46' 50'' S;13;2020;2;6;9.5;20.3
360019;Carriel Sur, Concepci칩n Ap.;36&deg 46' 50'' S;13;2020;2;7;9.1;24.3
360019;Carriel Sur, Concepci칩n Ap.;36&deg 46' 50'' S;13;2020;2;8;10.2;26.5
360019;Carriel Sur, Concepci칩n Ap.;36&deg 46' 50'' S;13;2020;2;9;12.3;25.8
360019;Carriel Sur, Concepci칩n Ap.;36&deg 46' 50'' S;13;2020;2;10;13.1;24.3
360019;Carriel Sur, Concepci칩n Ap.;36&deg 46' 50'' S;13;2020;2;11;12.7;25.9
360019;Carriel Sur, Concepci칩n Ap.;36&deg 46' 50'' S;13;2020;2;12;15.6;22.5
360019;Carriel Sur, Concepci칩n Ap.;36&deg 46' 50'' S;13;2020;2;13;9.9;21.3
360019;Carriel Sur, Concepci칩n Ap.;36&deg 46' 50'' S;13;2020;2;14;8.8;22.0
360019;Carriel Sur, Concepci칩n Ap.;36&deg 46' 50'' S;13;2020;2;15;11.4;22.2
360019;Carriel Sur, Concepci칩n Ap.;36&deg 46' 50'' S;13;2020;2;16;11.3;22.0
360019;Carriel Sur, Concepci칩n Ap.;36&deg 46' 50'' S;13;2020;2;17;13.5;21.4
360019;Carriel Sur, Concepci칩n Ap.;36&deg 46' 50'' S;13;2020;2;18;12.0;24.3
360019;Carriel Sur, Concepci칩n Ap.;36&deg 46' 50'' S;13;2020;2;19;12.7;24.6
360019;Carriel Sur, Concepci칩n Ap.;36&deg 46' 50'' S;13;2020;2;20;9.8;27.0
360019;Carriel Sur, Concepci칩n Ap.;36&deg 46' 50'' S;13;2020;2;21;11.9;18.9
360019;Carriel Sur, Concepci칩n Ap.;36&deg 46' 50'' S;13;2020;2;22;11.1;20.6
360019;Carriel Sur, Concepci칩n Ap.;36&deg 46' 50'' S;13;2020;2;23;11.4;17.4
360019;Carriel Sur, Concepci칩n Ap.;36&deg 46' 50'' S;13;2020;2;24;9.4;20.6
360019;Carriel Sur, Concepci칩n Ap.;36&deg 46' 50'' S;13;2020;2;25;9.4;22.6
360019;Carriel Sur, Concepci칩n Ap.;36&deg 46' 50'' S;13;2020;2;26;10.6;23.4
360019;Carriel Sur, Concepci칩n Ap.;36&deg 46' 50'' S;13;2020;2;27;11.5;21.6
360019;Carriel Sur, Concepci칩n Ap.;36&deg 46' 50'' S;13;2020;2;28;11.2;25.4
360019;Carriel Sur, Concepci칩n Ap.;36&deg 46' 50'' S;13;2020;2;29;12.5;18.6
370033;Mar칤a Dolores, Los Angeles Ad.;37&deg 24' 10'' S;120;2020;2;1;14.0;31.8
370033;Mar칤a Dolores, Los Angeles Ad.;37&deg 24' 10'' S;120;2020;2;2;8.6;30.8
370033;Mar칤a Dolores, Los Angeles Ad.;37&deg 24' 10'' S;120;2020;2;3;9.6;26.8
370033;Mar칤a Dolores, Los Angeles Ad.;37&deg 24' 10'' S;120;2020;2;4;11.2;24.4
370033;Mar칤a Dolores, Los Angeles Ad.;37&deg 24' 10'' S;120;2020;2;5;9.8;27.2
370033;Mar칤a Dolores, Los Angeles Ad.;37&deg 24' 10'' S;120;2020;2;6;9.0;31.2
370033;Mar칤a Dolores, Los Angeles Ad.;37&deg 24' 10'' S;120;2020;2;7;9.0;31.8
370033;Mar칤a Dolores, Los Angeles Ad.;37&deg 24' 10'' S;120;2020;2;8;13.4;35.6
370033;Mar칤a Dolores, Los Angeles Ad.;37&deg 24' 10'' S;120;2020;2;9;17.0;36.4
370033;Mar칤a Dolores, Los Angeles Ad.;37&deg 24' 10'' S;120;2020;2;10;17.0;35.2
370033;Mar칤a Dolores, Los Angeles Ad.;37&deg 24' 10'' S;120;2020;2;11;13.5;34.2
370033;Mar칤a Dolores, Los Angeles Ad.;37&deg 24' 10'' S;120;2020;2;12;13.0;25.6
370033;Mar칤a Dolores, Los Angeles Ad.;37&deg 24' 10'' S;120;2020;2;13;10.2;25.6
370033;Mar칤a Dolores, Los Angeles Ad.;37&deg 24' 10'' S;120;2020;2;14;9.2;28.0
370033;Mar칤a Dolores, Los Angeles Ad.;37&deg 24' 10'' S;120;2020;2;15;10.0;32.0
370033;Mar칤a Dolores, Los Angeles Ad.;37&deg 24' 10'' S;120;2020;2;16;12.0;31.5
370033;Mar칤a Dolores, Los Angeles Ad.;37&deg 24' 10'' S;120;2020;2;17;12.0;24.0
370033;Mar칤a Dolores, Los Angeles Ad.;37&deg 24' 10'' S;120;2020;2;18;10.0;28.0
370033;Mar칤a Dolores, Los Angeles Ad.;37&deg 24' 10'' S;120;2020;2;19;13.2;33.0
370033;Mar칤a Dolores, Los Angeles Ad.;37&deg 24' 10'' S;120;2020;2;20;10.0;35.0
370033;Mar칤a Dolores, Los Angeles Ad.;37&deg 24' 10'' S;120;2020;2;21;8.3;35.2
370033;Mar칤a Dolores, Los Angeles Ad.;37&deg 24' 10'' S;120;2020;2;22;11.6;30.0
370033;Mar칤a Dolores, Los Angeles Ad.;37&deg 24' 10'' S;120;2020;2;23;8.5;28.4
370033;Mar칤a Dolores, Los Angeles Ad.;37&deg 24' 10'' S;120;2020;2;24;11.0;24.0
370033;Mar칤a Dolores, Los Angeles Ad.;37&deg 24' 10'' S;120;2020;2;25;9.0;27.5
370033;Mar칤a Dolores, Los Angeles Ad.;37&deg 24' 10'' S;120;2020;2;26;11.0;29.0
370033;Mar칤a Dolores, Los Angeles Ad.;37&deg 24' 10'' S;120;2020;2;27;10.0;30.4
370033;Mar칤a Dolores, Los Angeles Ad.;37&deg 24' 10'' S;120;2020;2;28;15.0;33.0
370033;Mar칤a Dolores, Los Angeles Ad.;37&deg 24' 10'' S;120;2020;2;29;14.0;37.5
380013;Maquehue, Temuco Ad.;38&deg 46' 4'' S;86;2020;2;1;15.4;24.7
380013;Maquehue, Temuco Ad.;38&deg 46' 4'' S;86;2020;2;2;3.7;27.1
380013;Maquehue, Temuco Ad.;38&deg 46' 4'' S;86;2020;2;3;8.3;26.2
380013;Maquehue, Temuco Ad.;38&deg 46' 4'' S;86;2020;2;4;11.0;21.4
380013;Maquehue, Temuco Ad.;38&deg 46' 4'' S;86;2020;2;5;3.7;21.8
380013;Maquehue, Temuco Ad.;38&deg 46' 4'' S;86;2020;2;6;3.0;23.4
380013;Maquehue, Temuco Ad.;38&deg 46' 4'' S;86;2020;2;7;2.9;27.8
380013;Maquehue, Temuco Ad.;38&deg 46' 4'' S;86;2020;2;8;5.0;32.9
380013;Maquehue, Temuco Ad.;38&deg 46' 4'' S;86;2020;2;9;9.4;31.4
380013;Maquehue, Temuco Ad.;38&deg 46' 4'' S;86;2020;2;10;9.1;29.5
380013;Maquehue, Temuco Ad.;38&deg 46' 4'' S;86;2020;2;11;9.4;30.1
380013;Maquehue, Temuco Ad.;38&deg 46' 4'' S;86;2020;2;12;13.2;23.5
380013;Maquehue, Temuco Ad.;38&deg 46' 4'' S;86;2020;2;13;5.5;23.1
380013;Maquehue, Temuco Ad.;38&deg 46' 4'' S;86;2020;2;14;3.5;24.7
380013;Maquehue, Temuco Ad.;38&deg 46' 4'' S;86;2020;2;15;12.6;26.9
380013;Maquehue, Temuco Ad.;38&deg 46' 4'' S;86;2020;2;16;13.0;25.4
380013;Maquehue, Temuco Ad.;38&deg 46' 4'' S;86;2020;2;17;11.3;22.9
380013;Maquehue, Temuco Ad.;38&deg 46' 4'' S;86;2020;2;18;4.3;25.9
380013;Maquehue, Temuco Ad.;38&deg 46' 4'' S;86;2020;2;19;4.4;25.7
380013;Maquehue, Temuco Ad.;38&deg 46' 4'' S;86;2020;2;20;5.0;34.0
380013;Maquehue, Temuco Ad.;38&deg 46' 4'' S;86;2020;2;21;9.1;36.2
380013;Maquehue, Temuco Ad.;38&deg 46' 4'' S;86;2020;2;22;8.1;30.7
380013;Maquehue, Temuco Ad.;38&deg 46' 4'' S;86;2020;2;23;12.3;21.4
380013;Maquehue, Temuco Ad.;38&deg 46' 4'' S;86;2020;2;24;7.4;22.6
380013;Maquehue, Temuco Ad.;38&deg 46' 4'' S;86;2020;2;25;4.7;24.5
380013;Maquehue, Temuco Ad.;38&deg 46' 4'' S;86;2020;2;26;4.0;26.0
380013;Maquehue, Temuco Ad.;38&deg 46' 4'' S;86;2020;2;27;5.8;27.8
380013;Maquehue, Temuco Ad.;38&deg 46' 4'' S;86;2020;2;28;7.8;28.8
380013;Maquehue, Temuco Ad.;38&deg 46' 4'' S;86;2020;2;29;6.4;37.5
390006;Pichoy, Valdivia Ad.;39&deg 39' 24'' S;18;2020;2;1;12.2;21.8
390006;Pichoy, Valdivia Ad.;39&deg 39' 24'' S;18;2020;2;2;5.3;22.7
390006;Pichoy, Valdivia Ad.;39&deg 39' 24'' S;18;2020;2;3;13.8;18.3
390006;Pichoy, Valdivia Ad.;39&deg 39' 24'' S;18;2020;2;4;10.6;19.7
390006;Pichoy, Valdivia Ad.;39&deg 39' 24'' S;18;2020;2;5;3.0;20.2
390006;Pichoy, Valdivia Ad.;39&deg 39' 24'' S;18;2020;2;6;0.7;21.5
390006;Pichoy, Valdivia Ad.;39&deg 39' 24'' S;18;2020;2;7;-0.1;25.9
390006;Pichoy, Valdivia Ad.;39&deg 39' 24'' S;18;2020;2;8;2.9;30.4
390006;Pichoy, Valdivia Ad.;39&deg 39' 24'' S;18;2020;2;9;7.5;31.0
390006;Pichoy, Valdivia Ad.;39&deg 39' 24'' S;18;2020;2;10;8.0;31.0
390006;Pichoy, Valdivia Ad.;39&deg 39' 24'' S;18;2020;2;11;6.2;29.6
390006;Pichoy, Valdivia Ad.;39&deg 39' 24'' S;18;2020;2;12;12.4;21.6
390006;Pichoy, Valdivia Ad.;39&deg 39' 24'' S;18;2020;2;13;2.9;21.9
390006;Pichoy, Valdivia Ad.;39&deg 39' 24'' S;18;2020;2;14;2.2;20.8
390006;Pichoy, Valdivia Ad.;39&deg 39' 24'' S;18;2020;2;15;9.2;20.3
390006;Pichoy, Valdivia Ad.;39&deg 39' 24'' S;18;2020;2;16;13.3;22.1
390006;Pichoy, Valdivia Ad.;39&deg 39' 24'' S;18;2020;2;17;7.4;21.4
390006;Pichoy, Valdivia Ad.;39&deg 39' 24'' S;18;2020;2;18;1.7;23.5
390006;Pichoy, Valdivia Ad.;39&deg 39' 24'' S;18;2020;2;19;5.5;23.0
390006;Pichoy, Valdivia Ad.;39&deg 39' 24'' S;18;2020;2;20;3.9;29.0
390006;Pichoy, Valdivia Ad.;39&deg 39' 24'' S;18;2020;2;21;2.8;32.5
390006;Pichoy, Valdivia Ad.;39&deg 39' 24'' S;18;2020;2;22;4.5;29.9
390006;Pichoy, Valdivia Ad.;39&deg 39' 24'' S;18;2020;2;23;10.4;22.4
390006;Pichoy, Valdivia Ad.;39&deg 39' 24'' S;18;2020;2;24;6.2;20.1
390006;Pichoy, Valdivia Ad.;39&deg 39' 24'' S;18;2020;2;25;4.7;22.7
390006;Pichoy, Valdivia Ad.;39&deg 39' 24'' S;18;2020;2;26;6.5;23.1
390006;Pichoy, Valdivia Ad.;39&deg 39' 24'' S;18;2020;2;27;6.6;27.2
390006;Pichoy, Valdivia Ad.;39&deg 39' 24'' S;18;2020;2;28;9.3;26.5
390006;Pichoy, Valdivia Ad.;39&deg 39' 24'' S;18;2020;2;29;4.6;30.7
400009;Ca침al Bajo,  Osorno Ad.;40&deg 36' 52'' S;61;2020;2;1;13.5;21.8
400009;Ca침al Bajo,  Osorno Ad.;40&deg 36' 52'' S;61;2020;2;2;4.6;24.1
400009;Ca침al Bajo,  Osorno Ad.;40&deg 36' 52'' S;61;2020;2;3;13.0;20.2
400009;Ca침al Bajo,  Osorno Ad.;40&deg 36' 52'' S;61;2020;2;4;10.1;19.2
400009;Ca침al Bajo,  Osorno Ad.;40&deg 36' 52'' S;61;2020;2;5;4.2;19.3
400009;Ca침al Bajo,  Osorno Ad.;40&deg 36' 52'' S;61;2020;2;6;1.4;22.0
400009;Ca침al Bajo,  Osorno Ad.;40&deg 36' 52'' S;61;2020;2;7;2.0;22.8
400009;Ca침al Bajo,  Osorno Ad.;40&deg 36' 52'' S;61;2020;2;8;9.7;27.0
400009;Ca침al Bajo,  Osorno Ad.;40&deg 36' 52'' S;61;2020;2;9;7.8;27.8
400009;Ca침al Bajo,  Osorno Ad.;40&deg 36' 52'' S;61;2020;2;10;8.2;27.8
400009;Ca침al Bajo,  Osorno Ad.;40&deg 36' 52'' S;61;2020;2;11;5.6;28.6
400009;Ca침al Bajo,  Osorno Ad.;40&deg 36' 52'' S;61;2020;2;12;11.9;20.8
400009;Ca침al Bajo,  Osorno Ad.;40&deg 36' 52'' S;61;2020;2;13;2.8;20.2
400009;Ca침al Bajo,  Osorno Ad.;40&deg 36' 52'' S;61;2020;2;14;5.9;20.0
400009;Ca침al Bajo,  Osorno Ad.;40&deg 36' 52'' S;61;2020;2;15;9.5;21.2
400009;Ca침al Bajo,  Osorno Ad.;40&deg 36' 52'' S;61;2020;2;16;11.6;20.4
400009;Ca침al Bajo,  Osorno Ad.;40&deg 36' 52'' S;61;2020;2;17;9.4;21.1
400009;Ca침al Bajo,  Osorno Ad.;40&deg 36' 52'' S;61;2020;2;18;2.6;20.7
400009;Ca침al Bajo,  Osorno Ad.;40&deg 36' 52'' S;61;2020;2;19;9.7;19.6
400009;Ca침al Bajo,  Osorno Ad.;40&deg 36' 52'' S;61;2020;2;20;8.0;25.2
400009;Ca침al Bajo,  Osorno Ad.;40&deg 36' 52'' S;61;2020;2;21;5.3;30.8
400009;Ca침al Bajo,  Osorno Ad.;40&deg 36' 52'' S;61;2020;2;22;5.6;30.8
400009;Ca침al Bajo,  Osorno Ad.;40&deg 36' 52'' S;61;2020;2;23;7.8;21.8
400009;Ca침al Bajo,  Osorno Ad.;40&deg 36' 52'' S;61;2020;2;24;7.2;17.9
400009;Ca침al Bajo,  Osorno Ad.;40&deg 36' 52'' S;61;2020;2;25;6.8;19.3
400009;Ca침al Bajo,  Osorno Ad.;40&deg 36' 52'' S;61;2020;2;26;6.8;21.9
400009;Ca침al Bajo,  Osorno Ad.;40&deg 36' 52'' S;61;2020;2;27;13.1;23.8
400009;Ca침al Bajo,  Osorno Ad.;40&deg 36' 52'' S;61;2020;2;28;11.6;23.8
400009;Ca침al Bajo,  Osorno Ad.;40&deg 36' 52'' S;61;2020;2;29;7.2;27.7
410005;El Tepual  Puerto Montt Ap.;41&deg 26' 51'' S;87;2020;2;1;12.1;19.4
410005;El Tepual  Puerto Montt Ap.;41&deg 26' 51'' S;87;2020;2;2;5.4;22.0
410005;El Tepual  Puerto Montt Ap.;41&deg 26' 51'' S;87;2020;2;3;12.4;20.1
410005;El Tepual  Puerto Montt Ap.;41&deg 26' 51'' S;87;2020;2;4;9.4;16.6
410005;El Tepual  Puerto Montt Ap.;41&deg 26' 51'' S;87;2020;2;5;4.9;16.7
410005;El Tepual  Puerto Montt Ap.;41&deg 26' 51'' S;87;2020;2;6;3.5;19.5
410005;El Tepual  Puerto Montt Ap.;41&deg 26' 51'' S;87;2020;2;7;4.6;19.1
410005;El Tepual  Puerto Montt Ap.;41&deg 26' 51'' S;87;2020;2;8;6.6;21.8
410005;El Tepual  Puerto Montt Ap.;41&deg 26' 51'' S;87;2020;2;9;7.5;23.7
410005;El Tepual  Puerto Montt Ap.;41&deg 26' 51'' S;87;2020;2;10;11.0;21.7
410005;El Tepual  Puerto Montt Ap.;41&deg 26' 51'' S;87;2020;2;11;6.0;26.0
410005;El Tepual  Puerto Montt Ap.;41&deg 26' 51'' S;87;2020;2;12;10.2;18.8
410005;El Tepual  Puerto Montt Ap.;41&deg 26' 51'' S;87;2020;2;13;5.6;18.6
410005;El Tepual  Puerto Montt Ap.;41&deg 26' 51'' S;87;2020;2;14;8.4;19.2
410005;El Tepual  Puerto Montt Ap.;41&deg 26' 51'' S;87;2020;2;15;10.5;19.6
410005;El Tepual  Puerto Montt Ap.;41&deg 26' 51'' S;87;2020;2;16;10.6;17.2
410005;El Tepual  Puerto Montt Ap.;41&deg 26' 51'' S;87;2020;2;17;8.1;18.9
410005;El Tepual  Puerto Montt Ap.;41&deg 26' 51'' S;87;2020;2;18;7.1;18.1
410005;El Tepual  Puerto Montt Ap.;41&deg 26' 51'' S;87;2020;2;19;6.9;17.0
410005;El Tepual  Puerto Montt Ap.;41&deg 26' 51'' S;87;2020;2;20;4.7;20.0
410005;El Tepual  Puerto Montt Ap.;41&deg 26' 51'' S;87;2020;2;21;4.3;29.4
410005;El Tepual  Puerto Montt Ap.;41&deg 26' 51'' S;87;2020;2;22;7.1;28.9
410005;El Tepual  Puerto Montt Ap.;41&deg 26' 51'' S;87;2020;2;23;12.1;17.5
410005;El Tepual  Puerto Montt Ap.;41&deg 26' 51'' S;87;2020;2;24;8.1;14.9
410005;El Tepual  Puerto Montt Ap.;41&deg 26' 51'' S;87;2020;2;25;9.9;16.5
410005;El Tepual  Puerto Montt Ap.;41&deg 26' 51'' S;87;2020;2;26;6.4;18.7
410005;El Tepual  Puerto Montt Ap.;41&deg 26' 51'' S;87;2020;2;27;12.3;21.0
410005;El Tepual  Puerto Montt Ap.;41&deg 26' 51'' S;87;2020;2;28;13.8;20.3
410005;El Tepual  Puerto Montt Ap.;41&deg 26' 51'' S;87;2020;2;29;10.2;21.2
430002;Futaleuf칰 Ad.;43&deg 11' 20'' S;347;2020;2;1;9.8;22.6
430002;Futaleuf칰 Ad.;43&deg 11' 20'' S;347;2020;2;2;4.7;19.3
430002;Futaleuf칰 Ad.;43&deg 11' 20'' S;347;2020;2;3;8.9;18.0
430002;Futaleuf칰 Ad.;43&deg 11' 20'' S;347;2020;2;4;6.5;11.3
430002;Futaleuf칰 Ad.;43&deg 11' 20'' S;347;2020;2;5;3.8;15.7
430002;Futaleuf칰 Ad.;43&deg 11' 20'' S;347;2020;2;6;6.7;18.9
430002;Futaleuf칰 Ad.;43&deg 11' 20'' S;347;2020;2;7;4.1;19.8
430002;Futaleuf칰 Ad.;43&deg 11' 20'' S;347;2020;2;8;3.4;25.8
430002;Futaleuf칰 Ad.;43&deg 11' 20'' S;347;2020;2;9;6.1;26.4
430002;Futaleuf칰 Ad.;43&deg 11' 20'' S;347;2020;2;10;6.6;29.9
430002;Futaleuf칰 Ad.;43&deg 11' 20'' S;347;2020;2;11;10.1;28.6
430002;Futaleuf칰 Ad.;43&deg 11' 20'' S;347;2020;2;12;11.1;15.7
430002;Futaleuf칰 Ad.;43&deg 11' 20'' S;347;2020;2;13;6.4;16.3
430002;Futaleuf칰 Ad.;43&deg 11' 20'' S;347;2020;2;14;12.1;19.9
430002;Futaleuf칰 Ad.;43&deg 11' 20'' S;347;2020;2;15;11.6;19.5
430002;Futaleuf칰 Ad.;43&deg 11' 20'' S;347;2020;2;16;9.5;16.1
430002;Futaleuf칰 Ad.;43&deg 11' 20'' S;347;2020;2;17;8.0;16.7
430002;Futaleuf칰 Ad.;43&deg 11' 20'' S;347;2020;2;18;11.9;16.2
430002;Futaleuf칰 Ad.;43&deg 11' 20'' S;347;2020;2;19;8.4;18.3
430002;Futaleuf칰 Ad.;43&deg 11' 20'' S;347;2020;2;20;1.1;23.1
430002;Futaleuf칰 Ad.;43&deg 11' 20'' S;347;2020;2;21;8.8;26.7
430002;Futaleuf칰 Ad.;43&deg 11' 20'' S;347;2020;2;22;6.0;28.1
430002;Futaleuf칰 Ad.;43&deg 11' 20'' S;347;2020;2;23;7.7;24.0
430002;Futaleuf칰 Ad.;43&deg 11' 20'' S;347;2020;2;24;10.8;17.7
430002;Futaleuf칰 Ad.;43&deg 11' 20'' S;347;2020;2;25;9.9;20.4
430002;Futaleuf칰 Ad.;43&deg 11' 20'' S;347;2020;2;26;7.6;25.0
430002;Futaleuf칰 Ad.;43&deg 11' 20'' S;347;2020;2;27;11.7;22.8
430002;Futaleuf칰 Ad.;43&deg 11' 20'' S;347;2020;2;28;8.4;25.8
430002;Futaleuf칰 Ad.;43&deg 11' 20'' S;347;2020;2;29;8.5;31.0
430004;Alto Palena Ad.;43&deg 36' 42'' S;256;2020;2;1;14.3;14.2
430004;Alto Palena Ad.;43&deg 36' 42'' S;256;2020;2;2;3.6;19.7
430004;Alto Palena Ad.;43&deg 36' 42'' S;256;2020;2;3;3.6;16.8
430004;Alto Palena Ad.;43&deg 36' 42'' S;256;2020;2;4;8.1;12.0
430004;Alto Palena Ad.;43&deg 36' 42'' S;256;2020;2;5;4.1;16.6
430004;Alto Palena Ad.;43&deg 36' 42'' S;256;2020;2;6;4.0;18.3
430004;Alto Palena Ad.;43&deg 36' 42'' S;256;2020;2;7;6.7;20.3
430004;Alto Palena Ad.;43&deg 36' 42'' S;256;2020;2;8;4.5;26.7
430004;Alto Palena Ad.;43&deg 36' 42'' S;256;2020;2;9;7.1;25.9
430004;Alto Palena Ad.;43&deg 36' 42'' S;256;2020;2;10;7.1;30.1
430004;Alto Palena Ad.;43&deg 36' 42'' S;256;2020;2;11;7.2;28.2
430004;Alto Palena Ad.;43&deg 36' 42'' S;256;2020;2;12;8.4;16.1
430004;Alto Palena Ad.;43&deg 36' 42'' S;256;2020;2;13;7.4;16.3
430004;Alto Palena Ad.;43&deg 36' 42'' S;256;2020;2;14;7.4;19.2
430004;Alto Palena Ad.;43&deg 36' 42'' S;256;2020;2;15;11.3;19.1
430004;Alto Palena Ad.;43&deg 36' 42'' S;256;2020;2;16;6.8;15.0
430004;Alto Palena Ad.;43&deg 36' 42'' S;256;2020;2;17;6.8;16.3
430004;Alto Palena Ad.;43&deg 36' 42'' S;256;2020;2;18;6.0;17.6
430004;Alto Palena Ad.;43&deg 36' 42'' S;256;2020;2;19;8.8;17.7
430004;Alto Palena Ad.;43&deg 36' 42'' S;256;2020;2;20;2.5;25.0
430004;Alto Palena Ad.;43&deg 36' 42'' S;256;2020;2;21;2.5;27.4
430004;Alto Palena Ad.;43&deg 36' 42'' S;256;2020;2;22;5.3;28.9
430004;Alto Palena Ad.;43&deg 36' 42'' S;256;2020;2;23;5.5;23.5
430004;Alto Palena Ad.;43&deg 36' 42'' S;256;2020;2;24;5.4;17.7
430004;Alto Palena Ad.;43&deg 36' 42'' S;256;2020;2;25;10.7;19.4
430004;Alto Palena Ad.;43&deg 36' 42'' S;256;2020;2;26;5.9;23.6
430004;Alto Palena Ad.;43&deg 36' 42'' S;256;2020;2;27;5.9;22.2
430004;Alto Palena Ad.;43&deg 36' 42'' S;256;2020;2;28;7.3;25.3
430004;Alto Palena Ad.;43&deg 36' 42'' S;256;2020;2;29;7.9;30.1
450001;Puerto Ays칠n Ad.;45&deg 23' 58'' S;11;2020;2;1;14.0;16.3
450001;Puerto Ays칠n Ad.;45&deg 23' 58'' S;11;2020;2;2;7.9;17.5
450001;Puerto Ays칠n Ad.;45&deg 23' 58'' S;11;2020;2;3;9.1;14.2
450001;Puerto Ays칠n Ad.;45&deg 23' 58'' S;11;2020;2;4;7.9;13.9
450001;Puerto Ays칠n Ad.;45&deg 23' 58'' S;11;2020;2;5;6.5;17.8
450001;Puerto Ays칠n Ad.;45&deg 23' 58'' S;11;2020;2;6;6.2;15.5
450001;Puerto Ays칠n Ad.;45&deg 23' 58'' S;11;2020;2;7;8.3;19.3
450001;Puerto Ays칠n Ad.;45&deg 23' 58'' S;11;2020;2;8;5.4;26.0
450001;Puerto Ays칠n Ad.;45&deg 23' 58'' S;11;2020;2;9;9.2;
450001;Puerto Ays칠n Ad.;45&deg 23' 58'' S;11;2020;2;10;;23.6
450001;Puerto Ays칠n Ad.;45&deg 23' 58'' S;11;2020;2;11;9.2;21.1
450001;Puerto Ays칠n Ad.;45&deg 23' 58'' S;11;2020;2;12;11.4;17.6
450001;Puerto Ays칠n Ad.;45&deg 23' 58'' S;11;2020;2;13;9.4;12.7
450001;Puerto Ays칠n Ad.;45&deg 23' 58'' S;11;2020;2;14;11.3;17.5
450001;Puerto Ays칠n Ad.;45&deg 23' 58'' S;11;2020;2;15;11.3;18.3
450001;Puerto Ays칠n Ad.;45&deg 23' 58'' S;11;2020;2;16;8.8;15.7
450001;Puerto Ays칠n Ad.;45&deg 23' 58'' S;11;2020;2;17;7.6;15.4
450001;Puerto Ays칠n Ad.;45&deg 23' 58'' S;11;2020;2;18;10.5;18.5
450001;Puerto Ays칠n Ad.;45&deg 23' 58'' S;11;2020;2;19;8.4;17.6
450001;Puerto Ays칠n Ad.;45&deg 23' 58'' S;11;2020;2;20;2.9;24.7
450001;Puerto Ays칠n Ad.;45&deg 23' 58'' S;11;2020;2;21;5.3;29.4
450001;Puerto Ays칠n Ad.;45&deg 23' 58'' S;11;2020;2;22;7.8;26.2
450001;Puerto Ays칠n Ad.;45&deg 23' 58'' S;11;2020;2;23;12.7;19.6
450001;Puerto Ays칠n Ad.;45&deg 23' 58'' S;11;2020;2;24;11.1;18.5
450001;Puerto Ays칠n Ad.;45&deg 23' 58'' S;11;2020;2;25;11.6;15.7
450001;Puerto Ays칠n Ad.;45&deg 23' 58'' S;11;2020;2;26;12.3;20.7
450001;Puerto Ays칠n Ad.;45&deg 23' 58'' S;11;2020;2;27;14.1;21.3
450001;Puerto Ays칠n Ad.;45&deg 23' 58'' S;11;2020;2;28;10.0;20.5
450001;Puerto Ays칠n Ad.;45&deg 23' 58'' S;11;2020;2;29;13.9;22.4
450004;Teniente Vidal, Coyhaique Ad.;45&deg 35' 27'' S;299;2020;2;1;14.4;15.8
450004;Teniente Vidal, Coyhaique Ad.;45&deg 35' 27'' S;299;2020;2;2;5.8;18.8
450004;Teniente Vidal, Coyhaique Ad.;45&deg 35' 27'' S;299;2020;2;3;7.8;16.0
450004;Teniente Vidal, Coyhaique Ad.;45&deg 35' 27'' S;299;2020;2;4;6.0;14.5
450004;Teniente Vidal, Coyhaique Ad.;45&deg 35' 27'' S;299;2020;2;5;2.7;17.6
450004;Teniente Vidal, Coyhaique Ad.;45&deg 35' 27'' S;299;2020;2;6;7.4;10.8
450004;Teniente Vidal, Coyhaique Ad.;45&deg 35' 27'' S;299;2020;2;7;7.1;17.8
450004;Teniente Vidal, Coyhaique Ad.;45&deg 35' 27'' S;299;2020;2;8;2.8;23.6
450004;Teniente Vidal, Coyhaique Ad.;45&deg 35' 27'' S;299;2020;2;9;5.2;25.2
450004;Teniente Vidal, Coyhaique Ad.;45&deg 35' 27'' S;299;2020;2;10;10.4;26.4
450004;Teniente Vidal, Coyhaique Ad.;45&deg 35' 27'' S;299;2020;2;11;9.7;26.8
450004;Teniente Vidal, Coyhaique Ad.;45&deg 35' 27'' S;299;2020;2;12;9.1;17.1
450004;Teniente Vidal, Coyhaique Ad.;45&deg 35' 27'' S;299;2020;2;13;7.3;14.8
450004;Teniente Vidal, Coyhaique Ad.;45&deg 35' 27'' S;299;2020;2;14;9.8;17.4
450004;Teniente Vidal, Coyhaique Ad.;45&deg 35' 27'' S;299;2020;2;15;9.4;16.6
450004;Teniente Vidal, Coyhaique Ad.;45&deg 35' 27'' S;299;2020;2;16;8.8;15.4
450004;Teniente Vidal, Coyhaique Ad.;45&deg 35' 27'' S;299;2020;2;17;2.9;16.3
450004;Teniente Vidal, Coyhaique Ad.;45&deg 35' 27'' S;299;2020;2;18;9.7;18.0
450004;Teniente Vidal, Coyhaique Ad.;45&deg 35' 27'' S;299;2020;2;19;4.0;16.1
450004;Teniente Vidal, Coyhaique Ad.;45&deg 35' 27'' S;299;2020;2;20;1.4;21.7
450004;Teniente Vidal, Coyhaique Ad.;45&deg 35' 27'' S;299;2020;2;21;1.4;27.2
450004;Teniente Vidal, Coyhaique Ad.;45&deg 35' 27'' S;299;2020;2;22;2.3;28.8
450004;Teniente Vidal, Coyhaique Ad.;45&deg 35' 27'' S;299;2020;2;23;10.3;20.8
450004;Teniente Vidal, Coyhaique Ad.;45&deg 35' 27'' S;299;2020;2;24;9.8;17.5
450004;Teniente Vidal, Coyhaique Ad.;45&deg 35' 27'' S;299;2020;2;25;7.4;17.8
450004;Teniente Vidal, Coyhaique Ad.;45&deg 35' 27'' S;299;2020;2;26;8.9;19.6
450004;Teniente Vidal, Coyhaique Ad.;45&deg 35' 27'' S;299;2020;2;27;12.0;20.9
450004;Teniente Vidal, Coyhaique Ad.;45&deg 35' 27'' S;299;2020;2;28;7.1;23.8
450004;Teniente Vidal, Coyhaique Ad.;45&deg 35' 27'' S;299;2020;2;29;10.8;24.6
450005;Balmaceda Ad.;45&deg 55' 6'' S;517;2020;2;1;12.6;15.4
450005;Balmaceda Ad.;45&deg 55' 6'' S;517;2020;2;2;5.2;16.2
450005;Balmaceda Ad.;45&deg 55' 6'' S;517;2020;2;3;5.3;13.0
450005;Balmaceda Ad.;45&deg 55' 6'' S;517;2020;2;4;3.3;13.9
450005;Balmaceda Ad.;45&deg 55' 6'' S;517;2020;2;5;-0.5;16.8
450005;Balmaceda Ad.;45&deg 55' 6'' S;517;2020;2;6;6.6;10.3
450005;Balmaceda Ad.;45&deg 55' 6'' S;517;2020;2;7;4.9;17.3
450005;Balmaceda Ad.;45&deg 55' 6'' S;517;2020;2;8;-0.9;22.8
450005;Balmaceda Ad.;45&deg 55' 6'' S;517;2020;2;9;5.8;23.8
450005;Balmaceda Ad.;45&deg 55' 6'' S;517;2020;2;10;8.1;26.3
450005;Balmaceda Ad.;45&deg 55' 6'' S;517;2020;2;11;5.3;24.3
450005;Balmaceda Ad.;45&deg 55' 6'' S;517;2020;2;12;9.1;16.7
450005;Balmaceda Ad.;45&deg 55' 6'' S;517;2020;2;13;7.2;14.1
450005;Balmaceda Ad.;45&deg 55' 6'' S;517;2020;2;14;8.7;16.0
450005;Balmaceda Ad.;45&deg 55' 6'' S;517;2020;2;15;8.5;14.9
450005;Balmaceda Ad.;45&deg 55' 6'' S;517;2020;2;16;6.7;16.0
450005;Balmaceda Ad.;45&deg 55' 6'' S;517;2020;2;17;3.1;14.5
450005;Balmaceda Ad.;45&deg 55' 6'' S;517;2020;2;18;8.8;16.4
450005;Balmaceda Ad.;45&deg 55' 6'' S;517;2020;2;19;3.8;15.9
450005;Balmaceda Ad.;45&deg 55' 6'' S;517;2020;2;20;-3.4;22.3
450005;Balmaceda Ad.;45&deg 55' 6'' S;517;2020;2;21;-2.0;26.3
450005;Balmaceda Ad.;45&deg 55' 6'' S;517;2020;2;22;-1.2;27.2
450005;Balmaceda Ad.;45&deg 55' 6'' S;517;2020;2;23;11.3;19.6
450005;Balmaceda Ad.;45&deg 55' 6'' S;517;2020;2;24;8.7;17.6
450005;Balmaceda Ad.;45&deg 55' 6'' S;517;2020;2;25;7.7;16.9
450005;Balmaceda Ad.;45&deg 55' 6'' S;517;2020;2;26;8.5;17.1
450005;Balmaceda Ad.;45&deg 55' 6'' S;517;2020;2;27;11.9;20.0
450005;Balmaceda Ad.;45&deg 55' 6'' S;517;2020;2;28;7.9;22.5
450005;Balmaceda Ad.;45&deg 55' 6'' S;517;2020;2;29;10.2;23.5
460001;Chile Chico Ad.;46&deg 35' 6'' S;311;2020;2;1;10.3;19.4
460001;Chile Chico Ad.;46&deg 35' 6'' S;311;2020;2;2;10.0;19.9
460001;Chile Chico Ad.;46&deg 35' 6'' S;311;2020;2;3;4.5;18.0
460001;Chile Chico Ad.;46&deg 35' 6'' S;311;2020;2;4;2.8;17.5
460001;Chile Chico Ad.;46&deg 35' 6'' S;311;2020;2;5;-0.8;18.9
460001;Chile Chico Ad.;46&deg 35' 6'' S;311;2020;2;6;9.7;14.2
460001;Chile Chico Ad.;46&deg 35' 6'' S;311;2020;2;7;7.9;20.1
460001;Chile Chico Ad.;46&deg 35' 6'' S;311;2020;2;8;5.6;23.4
460001;Chile Chico Ad.;46&deg 35' 6'' S;311;2020;2;9;8.3;24.3
460001;Chile Chico Ad.;46&deg 35' 6'' S;311;2020;2;10;7.7;23.9
460001;Chile Chico Ad.;46&deg 35' 6'' S;311;2020;2;11;8.2;27.3
460001;Chile Chico Ad.;46&deg 35' 6'' S;311;2020;2;12;11.4;20.3
460001;Chile Chico Ad.;46&deg 35' 6'' S;311;2020;2;13;5.5;19.5
460001;Chile Chico Ad.;46&deg 35' 6'' S;311;2020;2;14;7.4;20.3
460001;Chile Chico Ad.;46&deg 35' 6'' S;311;2020;2;15;7.7;18.3
460001;Chile Chico Ad.;46&deg 35' 6'' S;311;2020;2;16;11.0;19.0
460001;Chile Chico Ad.;46&deg 35' 6'' S;311;2020;2;17;1.9;19.0
460001;Chile Chico Ad.;46&deg 35' 6'' S;311;2020;2;18;9.4;18.6
460001;Chile Chico Ad.;46&deg 35' 6'' S;311;2020;2;19;8.7;20.2
460001;Chile Chico Ad.;46&deg 35' 6'' S;311;2020;2;20;1.2;21.3
460001;Chile Chico Ad.;46&deg 35' 6'' S;311;2020;2;21;4.5;27.1
460001;Chile Chico Ad.;46&deg 35' 6'' S;311;2020;2;22;6.6;30.7
460001;Chile Chico Ad.;46&deg 35' 6'' S;311;2020;2;23;7.7;27.2
460001;Chile Chico Ad.;46&deg 35' 6'' S;311;2020;2;24;12.4;21.1
460001;Chile Chico Ad.;46&deg 35' 6'' S;311;2020;2;25;9.4;24.9
460001;Chile Chico Ad.;46&deg 35' 6'' S;311;2020;2;26;14.9;25.4
460001;Chile Chico Ad.;46&deg 35' 6'' S;311;2020;2;27;8.4;23.8
460001;Chile Chico Ad.;46&deg 35' 6'' S;311;2020;2;28;5.2;27.4
460001;Chile Chico Ad.;46&deg 35' 6'' S;311;2020;2;29;8.4;29.2
470001;Lord Cochrane Ad.;47&deg 14' 38'' S;209;2020;2;1;6.5;23.5
470001;Lord Cochrane Ad.;47&deg 14' 38'' S;209;2020;2;2;6.5;19.1
470001;Lord Cochrane Ad.;47&deg 14' 38'' S;209;2020;2;3;7.3;16.4
470001;Lord Cochrane Ad.;47&deg 14' 38'' S;209;2020;2;4;2.3;16.3
470001;Lord Cochrane Ad.;47&deg 14' 38'' S;209;2020;2;5;2.1;19.8
470001;Lord Cochrane Ad.;47&deg 14' 38'' S;209;2020;2;6;4.0;18.8
470001;Lord Cochrane Ad.;47&deg 14' 38'' S;209;2020;2;7;8.5;21.2
470001;Lord Cochrane Ad.;47&deg 14' 38'' S;209;2020;2;8;5.3;23.7
470001;Lord Cochrane Ad.;47&deg 14' 38'' S;209;2020;2;9;7.5;24.8
470001;Lord Cochrane Ad.;47&deg 14' 38'' S;209;2020;2;10;8.9;26.3
470001;Lord Cochrane Ad.;47&deg 14' 38'' S;209;2020;2;11;7.6;26.1
470001;Lord Cochrane Ad.;47&deg 14' 38'' S;209;2020;2;12;9.6;18.8
470001;Lord Cochrane Ad.;47&deg 14' 38'' S;209;2020;2;13;5.3;18.2
470001;Lord Cochrane Ad.;47&deg 14' 38'' S;209;2020;2;14;8.4;19.6
470001;Lord Cochrane Ad.;47&deg 14' 38'' S;209;2020;2;15;7.9;18.2
470001;Lord Cochrane Ad.;47&deg 14' 38'' S;209;2020;2;16;5.6;16.8
470001;Lord Cochrane Ad.;47&deg 14' 38'' S;209;2020;2;17;1.9;18.2
470001;Lord Cochrane Ad.;47&deg 14' 38'' S;209;2020;2;18;7.6;17.5
470001;Lord Cochrane Ad.;47&deg 14' 38'' S;209;2020;2;19;7.3;16.4
470001;Lord Cochrane Ad.;47&deg 14' 38'' S;209;2020;2;20;2.6;22.8
470001;Lord Cochrane Ad.;47&deg 14' 38'' S;209;2020;2;21;5.4;25.4
470001;Lord Cochrane Ad.;47&deg 14' 38'' S;209;2020;2;22;2.6;27.5
470001;Lord Cochrane Ad.;47&deg 14' 38'' S;209;2020;2;23;5.4;19.7
470001;Lord Cochrane Ad.;47&deg 14' 38'' S;209;2020;2;24;9.0;18.5
470001;Lord Cochrane Ad.;47&deg 14' 38'' S;209;2020;2;25;11.1;19.5
470001;Lord Cochrane Ad.;47&deg 14' 38'' S;209;2020;2;26;11.6;21.8
470001;Lord Cochrane Ad.;47&deg 14' 38'' S;209;2020;2;27;12.8;21.7
470001;Lord Cochrane Ad.;47&deg 14' 38'' S;209;2020;2;28;5.0;21.8
470001;Lord Cochrane Ad.;47&deg 14' 38'' S;209;2020;2;29;5.0;25.4
510005;Teniente Gallardo, Puerto Natales Ad.;51&deg 40' 2'' S;69;2020;2;1;5.2;18.3
510005;Teniente Gallardo, Puerto Natales Ad.;51&deg 40' 2'' S;69;2020;2;2;4.6;16.0
510005;Teniente Gallardo, Puerto Natales Ad.;51&deg 40' 2'' S;69;2020;2;3;2.4;18.5
510005;Teniente Gallardo, Puerto Natales Ad.;51&deg 40' 2'' S;69;2020;2;4;5.8;14.4
510005;Teniente Gallardo, Puerto Natales Ad.;51&deg 40' 2'' S;69;2020;2;5;5.0;14.4
510005;Teniente Gallardo, Puerto Natales Ad.;51&deg 40' 2'' S;69;2020;2;6;-1.8;20.1
510005;Teniente Gallardo, Puerto Natales Ad.;51&deg 40' 2'' S;69;2020;2;7;2.1;21.9
510005;Teniente Gallardo, Puerto Natales Ad.;51&deg 40' 2'' S;69;2020;2;8;2.3;24.2
510005;Teniente Gallardo, Puerto Natales Ad.;51&deg 40' 2'' S;69;2020;2;9;8.7;20.1
510005;Teniente Gallardo, Puerto Natales Ad.;51&deg 40' 2'' S;69;2020;2;10;2.5;18.5
510005;Teniente Gallardo, Puerto Natales Ad.;51&deg 40' 2'' S;69;2020;2;11;3.5;14.2
510005;Teniente Gallardo, Puerto Natales Ad.;51&deg 40' 2'' S;69;2020;2;12;5.0;16.3
510005;Teniente Gallardo, Puerto Natales Ad.;51&deg 40' 2'' S;69;2020;2;13;5.8;19.0
510005;Teniente Gallardo, Puerto Natales Ad.;51&deg 40' 2'' S;69;2020;2;14;7.5;16.6
510005;Teniente Gallardo, Puerto Natales Ad.;51&deg 40' 2'' S;69;2020;2;15;4.7;16.0
510005;Teniente Gallardo, Puerto Natales Ad.;51&deg 40' 2'' S;69;2020;2;16;2.2;12.9
510005;Teniente Gallardo, Puerto Natales Ad.;51&deg 40' 2'' S;69;2020;2;17;2.8;15.0
510005;Teniente Gallardo, Puerto Natales Ad.;51&deg 40' 2'' S;69;2020;2;18;7.4;14.6
510005;Teniente Gallardo, Puerto Natales Ad.;51&deg 40' 2'' S;69;2020;2;19;6.2;13.7
510005;Teniente Gallardo, Puerto Natales Ad.;51&deg 40' 2'' S;69;2020;2;20;1.0;17.7
510005;Teniente Gallardo, Puerto Natales Ad.;51&deg 40' 2'' S;69;2020;2;21;4.4;21.4
510005;Teniente Gallardo, Puerto Natales Ad.;51&deg 40' 2'' S;69;2020;2;22;5.7;26.4
510005;Teniente Gallardo, Puerto Natales Ad.;51&deg 40' 2'' S;69;2020;2;23;8.9;17.2
510005;Teniente Gallardo, Puerto Natales Ad.;51&deg 40' 2'' S;69;2020;2;24;7.6;13.7
510005;Teniente Gallardo, Puerto Natales Ad.;51&deg 40' 2'' S;69;2020;2;25;9.1;19.3
510005;Teniente Gallardo, Puerto Natales Ad.;51&deg 40' 2'' S;69;2020;2;26;8.9;20.6
510005;Teniente Gallardo, Puerto Natales Ad.;51&deg 40' 2'' S;69;2020;2;27;8.9;14.8
510005;Teniente Gallardo, Puerto Natales Ad.;51&deg 40' 2'' S;69;2020;2;28;8.9;18.0
510005;Teniente Gallardo, Puerto Natales Ad.;51&deg 40' 2'' S;69;2020;2;29;9.8;23.1
520006;Carlos Iba침ez, Punta Arenas Ap.;53&deg 0' 6'' S;36;2020;2;1;9.5;16.7
520006;Carlos Iba침ez, Punta Arenas Ap.;53&deg 0' 6'' S;36;2020;2;2;5.9;13.0
520006;Carlos Iba침ez, Punta Arenas Ap.;53&deg 0' 6'' S;36;2020;2;3;9.6;15.8
520006;Carlos Iba침ez, Punta Arenas Ap.;53&deg 0' 6'' S;36;2020;2;4;6.2;16.0
520006;Carlos Iba침ez, Punta Arenas Ap.;53&deg 0' 6'' S;36;2020;2;5;3.6;11.5
520006;Carlos Iba침ez, Punta Arenas Ap.;53&deg 0' 6'' S;36;2020;2;6;1.8;15.5
520006;Carlos Iba침ez, Punta Arenas Ap.;53&deg 0' 6'' S;36;2020;2;7;7.1;16.6
520006;Carlos Iba침ez, Punta Arenas Ap.;53&deg 0' 6'' S;36;2020;2;8;6.9;19.5
520006;Carlos Iba침ez, Punta Arenas Ap.;53&deg 0' 6'' S;36;2020;2;9;10.1;19.7
520006;Carlos Iba침ez, Punta Arenas Ap.;53&deg 0' 6'' S;36;2020;2;10;7.8;18.9
520006;Carlos Iba침ez, Punta Arenas Ap.;53&deg 0' 6'' S;36;2020;2;11;7.1;14.3
520006;Carlos Iba침ez, Punta Arenas Ap.;53&deg 0' 6'' S;36;2020;2;12;7.2;15.0
520006;Carlos Iba침ez, Punta Arenas Ap.;53&deg 0' 6'' S;36;2020;2;13;7.0;17.1
520006;Carlos Iba침ez, Punta Arenas Ap.;53&deg 0' 6'' S;36;2020;2;14;7.8;14.9
520006;Carlos Iba침ez, Punta Arenas Ap.;53&deg 0' 6'' S;36;2020;2;15;8.7;13.3
520006;Carlos Iba침ez, Punta Arenas Ap.;53&deg 0' 6'' S;36;2020;2;16;4.2;12.3
520006;Carlos Iba침ez, Punta Arenas Ap.;53&deg 0' 6'' S;36;2020;2;17;4.9;12.7
520006;Carlos Iba침ez, Punta Arenas Ap.;53&deg 0' 6'' S;36;2020;2;18;8.7;12.5
520006;Carlos Iba침ez, Punta Arenas Ap.;53&deg 0' 6'' S;36;2020;2;19;6.9;13.5
520006;Carlos Iba침ez, Punta Arenas Ap.;53&deg 0' 6'' S;36;2020;2;20;2.5;17.3
520006;Carlos Iba침ez, Punta Arenas Ap.;53&deg 0' 6'' S;36;2020;2;21;11.7;21.1
520006;Carlos Iba침ez, Punta Arenas Ap.;53&deg 0' 6'' S;36;2020;2;22;8.0;25.2
520006;Carlos Iba침ez, Punta Arenas Ap.;53&deg 0' 6'' S;36;2020;2;23;9.2;13.8
520006;Carlos Iba침ez, Punta Arenas Ap.;53&deg 0' 6'' S;36;2020;2;24;6.6;12.6
520006;Carlos Iba침ez, Punta Arenas Ap.;53&deg 0' 6'' S;36;2020;2;25;7.3;17.7
520006;Carlos Iba침ez, Punta Arenas Ap.;53&deg 0' 6'' S;36;2020;2;26;11.5;17.5
520006;Carlos Iba침ez, Punta Arenas Ap.;53&deg 0' 6'' S;36;2020;2;27;7.5;13.7
520006;Carlos Iba침ez, Punta Arenas Ap.;53&deg 0' 6'' S;36;2020;2;28;9.7;16.5
520006;Carlos Iba침ez, Punta Arenas Ap.;53&deg 0' 6'' S;36;2020;2;29;10.5;19.6
530005;Fuentes Mart칤nez, Porvenir Ad.;53&deg 15' 13'' S;25;2020;2;1;9.5;16.0
530005;Fuentes Mart칤nez, Porvenir Ad.;53&deg 15' 13'' S;25;2020;2;2;2.9;15.6
530005;Fuentes Mart칤nez, Porvenir Ad.;53&deg 15' 13'' S;25;2020;2;3;9.8;20.6
530005;Fuentes Mart칤nez, Porvenir Ad.;53&deg 15' 13'' S;25;2020;2;4;6.5;14.1
530005;Fuentes Mart칤nez, Porvenir Ad.;53&deg 15' 13'' S;25;2020;2;5;6.2;13.8
530005;Fuentes Mart칤nez, Porvenir Ad.;53&deg 15' 13'' S;25;2020;2;6;0.6;20.0
530005;Fuentes Mart칤nez, Porvenir Ad.;53&deg 15' 13'' S;25;2020;2;7;6.9;22.3
530005;Fuentes Mart칤nez, Porvenir Ad.;53&deg 15' 13'' S;25;2020;2;8;5.0;25.0
530005;Fuentes Mart칤nez, Porvenir Ad.;53&deg 15' 13'' S;25;2020;2;9;11.5;21.7
530005;Fuentes Mart칤nez, Porvenir Ad.;53&deg 15' 13'' S;25;2020;2;10;7.1;17.8
530005;Fuentes Mart칤nez, Porvenir Ad.;53&deg 15' 13'' S;25;2020;2;11;6.9;16.0
530005;Fuentes Mart칤nez, Porvenir Ad.;53&deg 15' 13'' S;25;2020;2;12;6.4;15.3
530005;Fuentes Mart칤nez, Porvenir Ad.;53&deg 15' 13'' S;25;2020;2;13;7.6;15.9
530005;Fuentes Mart칤nez, Porvenir Ad.;53&deg 15' 13'' S;25;2020;2;14;7.4;14.3
530005;Fuentes Mart칤nez, Porvenir Ad.;53&deg 15' 13'' S;25;2020;2;15;7.0;14.2
530005;Fuentes Mart칤nez, Porvenir Ad.;53&deg 15' 13'' S;25;2020;2;16;5.5;13.3
530005;Fuentes Mart칤nez, Porvenir Ad.;53&deg 15' 13'' S;25;2020;2;17;6.2;11.7
530005;Fuentes Mart칤nez, Porvenir Ad.;53&deg 15' 13'' S;25;2020;2;18;9.3;13.5
530005;Fuentes Mart칤nez, Porvenir Ad.;53&deg 15' 13'' S;25;2020;2;19;6.9;12.7
530005;Fuentes Mart칤nez, Porvenir Ad.;53&deg 15' 13'' S;25;2020;2;20;4.0;16.6
530005;Fuentes Mart칤nez, Porvenir Ad.;53&deg 15' 13'' S;25;2020;2;21;10.2;20.3
530005;Fuentes Mart칤nez, Porvenir Ad.;53&deg 15' 13'' S;25;2020;2;22;8.0;25.3
530005;Fuentes Mart칤nez, Porvenir Ad.;53&deg 15' 13'' S;25;2020;2;23;9.6;13.2
530005;Fuentes Mart칤nez, Porvenir Ad.;53&deg 15' 13'' S;25;2020;2;24;6.5;12.1
530005;Fuentes Mart칤nez, Porvenir Ad.;53&deg 15' 13'' S;25;2020;2;25;6.1;18.1
530005;Fuentes Mart칤nez, Porvenir Ad.;53&deg 15' 13'' S;25;2020;2;26;11.3;18.2
530005;Fuentes Mart칤nez, Porvenir Ad.;53&deg 15' 13'' S;25;2020;2;27;7.9;14.8
530005;Fuentes Mart칤nez, Porvenir Ad.;53&deg 15' 13'' S;25;2020;2;28;9.3;15.2
530005;Fuentes Mart칤nez, Porvenir Ad.;53&deg 15' 13'' S;25;2020;2;29;10.1;19.2
550001;Guardiamarina Za침artu, Pto Williams Ad.;54&deg 55' 54'' S;12;2020;2;1;10.7;17.3
550001;Guardiamarina Za침artu, Pto Williams Ad.;54&deg 55' 54'' S;12;2020;2;2;6.1;16.1
550001;Guardiamarina Za침artu, Pto Williams Ad.;54&deg 55' 54'' S;12;2020;2;3;9.5;15.9
550001;Guardiamarina Za침artu, Pto Williams Ad.;54&deg 55' 54'' S;12;2020;2;4;7.6;12.3
550001;Guardiamarina Za침artu, Pto Williams Ad.;54&deg 55' 54'' S;12;2020;2;5;4.5;11.8
550001;Guardiamarina Za침artu, Pto Williams Ad.;54&deg 55' 54'' S;12;2020;2;6;1.6;15.0
550001;Guardiamarina Za침artu, Pto Williams Ad.;54&deg 55' 54'' S;12;2020;2;7;5.8;18.4
550001;Guardiamarina Za침artu, Pto Williams Ad.;54&deg 55' 54'' S;12;2020;2;8;4.5;18.8
550001;Guardiamarina Za침artu, Pto Williams Ad.;54&deg 55' 54'' S;12;2020;2;9;7.1;21.2
550001;Guardiamarina Za침artu, Pto Williams Ad.;54&deg 55' 54'' S;12;2020;2;10;9.7;15.9
550001;Guardiamarina Za침artu, Pto Williams Ad.;54&deg 55' 54'' S;12;2020;2;11;8.8;16.2
550001;Guardiamarina Za침artu, Pto Williams Ad.;54&deg 55' 54'' S;12;2020;2;12;6.8;14.4
550001;Guardiamarina Za침artu, Pto Williams Ad.;54&deg 55' 54'' S;12;2020;2;13;3.3;15.7
550001;Guardiamarina Za침artu, Pto Williams Ad.;54&deg 55' 54'' S;12;2020;2;14;10.8;14.7
550001;Guardiamarina Za침artu, Pto Williams Ad.;54&deg 55' 54'' S;12;2020;2;15;6.8;12.4
550001;Guardiamarina Za침artu, Pto Williams Ad.;54&deg 55' 54'' S;12;2020;2;16;2.3;13.5
550001;Guardiamarina Za침artu, Pto Williams Ad.;54&deg 55' 54'' S;12;2020;2;17;3.6;12.4
550001;Guardiamarina Za침artu, Pto Williams Ad.;54&deg 55' 54'' S;12;2020;2;18;8.9;14.3
550001;Guardiamarina Za침artu, Pto Williams Ad.;54&deg 55' 54'' S;12;2020;2;19;7.8;11.2
550001;Guardiamarina Za침artu, Pto Williams Ad.;54&deg 55' 54'' S;12;2020;2;20;6.9;13.6
550001;Guardiamarina Za침artu, Pto Williams Ad.;54&deg 55' 54'' S;12;2020;2;21;10.5;17.4
550001;Guardiamarina Za침artu, Pto Williams Ad.;54&deg 55' 54'' S;12;2020;2;22;10.7;21.6
550001;Guardiamarina Za침artu, Pto Williams Ad.;54&deg 55' 54'' S;12;2020;2;23;8.8;12.2
550001;Guardiamarina Za침artu, Pto Williams Ad.;54&deg 55' 54'' S;12;2020;2;24;4.7;10.3
550001;Guardiamarina Za침artu, Pto Williams Ad.;54&deg 55' 54'' S;12;2020;2;25;7.6;10.2
550001;Guardiamarina Za침artu, Pto Williams Ad.;54&deg 55' 54'' S;12;2020;2;26;9.0;15.8
550001;Guardiamarina Za침artu, Pto Williams Ad.;54&deg 55' 54'' S;12;2020;2;27;5.2;11.9
550001;Guardiamarina Za침artu, Pto Williams Ad.;54&deg 55' 54'' S;12;2020;2;28;7.7;14.8
550001;Guardiamarina Za침artu, Pto Williams Ad.;54&deg 55' 54'' S;12;2020;2;29;7.0;16.4
950001;C.M.A. Eduardo Frei Montalva, Ant치rtica ;62&deg 11' 31'' S;45;2020;2;1;0.9;5.8
950001;C.M.A. Eduardo Frei Montalva, Ant치rtica ;62&deg 11' 31'' S;45;2020;2;2;2.9;5.0
950001;C.M.A. Eduardo Frei Montalva, Ant치rtica ;62&deg 11' 31'' S;45;2020;2;3;1.8;3.6
950001;C.M.A. Eduardo Frei Montalva, Ant치rtica ;62&deg 11' 31'' S;45;2020;2;4;0.4;3.5
950001;C.M.A. Eduardo Frei Montalva, Ant치rtica ;62&deg 11' 31'' S;45;2020;2;5;0.2;3.7
950001;C.M.A. Eduardo Frei Montalva, Ant치rtica ;62&deg 11' 31'' S;45;2020;2;6;1.6;3.8
950001;C.M.A. Eduardo Frei Montalva, Ant치rtica ;62&deg 11' 31'' S;45;2020;2;7;1.4;6.6
950001;C.M.A. Eduardo Frei Montalva, Ant치rtica ;62&deg 11' 31'' S;45;2020;2;8;0.4;7.0
950001;C.M.A. Eduardo Frei Montalva, Ant치rtica ;62&deg 11' 31'' S;45;2020;2;9;1.6;6.7
950001;C.M.A. Eduardo Frei Montalva, Ant치rtica ;62&deg 11' 31'' S;45;2020;2;10;3.1;4.3
950001;C.M.A. Eduardo Frei Montalva, Ant치rtica ;62&deg 11' 31'' S;45;2020;2;11;2.6;4.8
950001;C.M.A. Eduardo Frei Montalva, Ant치rtica ;62&deg 11' 31'' S;45;2020;2;12;1.8;3.8
950001;C.M.A. Eduardo Frei Montalva, Ant치rtica ;62&deg 11' 31'' S;45;2020;2;13;1.3;3.8
950001;C.M.A. Eduardo Frei Montalva, Ant치rtica ;62&deg 11' 31'' S;45;2020;2;14;1.3;7.2
950001;C.M.A. Eduardo Frei Montalva, Ant치rtica ;62&deg 11' 31'' S;45;2020;2;15;4.0;7.1
950001;C.M.A. Eduardo Frei Montalva, Ant치rtica ;62&deg 11' 31'' S;45;2020;2;16;0.7;2.6
950001;C.M.A. Eduardo Frei Montalva, Ant치rtica ;62&deg 11' 31'' S;45;2020;2;17;0.0;1.4
950001;C.M.A. Eduardo Frei Montalva, Ant치rtica ;62&deg 11' 31'' S;45;2020;2;18;0.2;3.5
950001;C.M.A. Eduardo Frei Montalva, Ant치rtica ;62&deg 11' 31'' S;45;2020;2;19;0.3;2.5
950001;C.M.A. Eduardo Frei Montalva, Ant치rtica ;62&deg 11' 31'' S;45;2020;2;20;0.8;2.8
950001;C.M.A. Eduardo Frei Montalva, Ant치rtica ;62&deg 11' 31'' S;45;2020;2;21;1.6;3.4
950001;C.M.A. Eduardo Frei Montalva, Ant치rtica ;62&deg 11' 31'' S;45;2020;2;22;1.0;3.0
950001;C.M.A. Eduardo Frei Montalva, Ant치rtica ;62&deg 11' 31'' S;45;2020;2;23;0.4;3.1
950001;C.M.A. Eduardo Frei Montalva, Ant치rtica ;62&deg 11' 31'' S;45;2020;2;24;-0.3;1.4
950001;C.M.A. Eduardo Frei Montalva, Ant치rtica ;62&deg 11' 31'' S;45;2020;2;25;-0.7;1.9
950001;C.M.A. Eduardo Frei Montalva, Ant치rtica ;62&deg 11' 31'' S;45;2020;2;26;-1.8;1.9
950001;C.M.A. Eduardo Frei Montalva, Ant치rtica ;62&deg 11' 31'' S;45;2020;2;27;-2.2;-0.5
950001;C.M.A. Eduardo Frei Montalva, Ant치rtica ;62&deg 11' 31'' S;45;2020;2;28;-1.8;1.1
950001;C.M.A. Eduardo Frei Montalva, Ant치rtica ;62&deg 11' 31'' S;45;2020;2;29;0.2;4.5
